"axis","simulator","method","failure_mode","threshold_status","threshold_value","mean_flag_rate","min_flag_rate","max_flag_rate","alignment"
"sparsity","scdesign3","pca_glmpca","step6_1_technical_separation","always_below_threshold",NA,0,0,0,"inconsistent_low_flag_despite_always_failing"
"sparsity","scdesign3","pca_glmpca","step6_2_cluster_collapse","always_below_threshold",NA,0.852674897119342,0.769547325102881,0.995884773662551,"consistent_uniform_high"
"sparsity","scdesign3","pca_glmpca","step6_3_phantom_clustering","always_below_threshold",NA,1,1,1,"consistent_uniform_high"
"sparsity","scdesign3","pca_glmpca","step6_4_variance_hijacking","always_below_threshold",NA,0.0246913580246914,0.00823045267489712,0.037037037037037,"inconsistent_low_flag_despite_always_failing"
"sparsity","scdesign3","pca_glmpca","step6_6_neighborhood_collapse","always_below_threshold",NA,0.99917695473251,0.995884773662551,1,"consistent_uniform_high"
"sparsity","scdesign3","pca_glmpca","step6_7_subspace_rotation_slippage","always_below_threshold",NA,0.993415637860082,0.979423868312757,1,"consistent_uniform_high"
"sparsity","scdesign3","pca_libnorm","step6_1_technical_separation","interpolated",0.807487391955476,0,0,0,"inconsistent_not_increasing"
"sparsity","scdesign3","pca_libnorm","step6_2_cluster_collapse","interpolated",0.807487391955476,1,1,1,"inconsistent_not_increasing"
"sparsity","scdesign3","pca_libnorm","step6_3_phantom_clustering","interpolated",0.807487391955476,1,1,1,"inconsistent_not_increasing"
"sparsity","scdesign3","pca_libnorm","step6_4_variance_hijacking","interpolated",0.807487391955476,0,0,0,"inconsistent_not_increasing"
"sparsity","scdesign3","pca_libnorm","step6_6_neighborhood_collapse","interpolated",0.807487391955476,1,1,1,"inconsistent_not_increasing"
"sparsity","scdesign3","pca_libnorm","step6_7_subspace_rotation_slippage","interpolated",0.807487391955476,0.923456790123457,0.790123456790123,1,"consistent_increasing"
"sparsity","scdesign3","pca_log","step6_1_technical_separation","always_below_threshold",NA,0,0,0,"inconsistent_low_flag_despite_always_failing"
"sparsity","scdesign3","pca_log","step6_2_cluster_collapse","always_below_threshold",NA,1,1,1,"consistent_uniform_high"
"sparsity","scdesign3","pca_log","step6_3_phantom_clustering","always_below_threshold",NA,1,1,1,"consistent_uniform_high"
"sparsity","scdesign3","pca_log","step6_4_variance_hijacking","always_below_threshold",NA,0.00164609053497942,0,0.00823045267489712,"inconsistent_low_flag_despite_always_failing"
"sparsity","scdesign3","pca_log","step6_6_neighborhood_collapse","always_below_threshold",NA,0.838683127572016,0.790123456790123,0.893004115226337,"consistent_uniform_high"
"sparsity","scdesign3","pca_log","step6_7_subspace_rotation_slippage","always_below_threshold",NA,1,1,1,"consistent_uniform_high"
"sparsity","scdesign3","pca_raw","step6_1_technical_separation","interpolated",0.827280843637148,0,0,0,"inconsistent_not_increasing"
"sparsity","scdesign3","pca_raw","step6_2_cluster_collapse","interpolated",0.827280843637148,1,1,1,"inconsistent_not_increasing"
"sparsity","scdesign3","pca_raw","step6_3_phantom_clustering","interpolated",0.827280843637148,1,1,1,"inconsistent_not_increasing"
"sparsity","scdesign3","pca_raw","step6_4_variance_hijacking","interpolated",0.827280843637148,0.837037037037037,0.604938271604938,0.967078189300412,"inconsistent_not_increasing"
"sparsity","scdesign3","pca_raw","step6_6_neighborhood_collapse","interpolated",0.827280843637148,1,1,1,"inconsistent_not_increasing"
"sparsity","scdesign3","pca_raw","step6_7_subspace_rotation_slippage","interpolated",0.827280843637148,0.979423868312757,0.950617283950617,1,"consistent_increasing"
"sparsity","scdesign3","pca_sctransform_v2","step6_1_technical_separation","always_below_threshold",NA,0,0,0,"inconsistent_low_flag_despite_always_failing"
"sparsity","scdesign3","pca_sctransform_v2","step6_2_cluster_collapse","always_below_threshold",NA,0.981893004115226,0.930041152263374,1,"consistent_uniform_high"
"sparsity","scdesign3","pca_sctransform_v2","step6_3_phantom_clustering","always_below_threshold",NA,0.866666666666667,0.333333333333333,1,"consistent_uniform_high"
"sparsity","scdesign3","pca_sctransform_v2","step6_4_variance_hijacking","always_below_threshold",NA,0,0,0,"inconsistent_low_flag_despite_always_failing"
"sparsity","scdesign3","pca_sctransform_v2","step6_6_neighborhood_collapse","always_below_threshold",NA,0.996707818930041,0.983539094650206,1,"consistent_uniform_high"
"sparsity","scdesign3","pca_sctransform_v2","step6_7_subspace_rotation_slippage","always_below_threshold",NA,0.99917695473251,0.995884773662551,1,"consistent_uniform_high"
"sparsity","scdesign3","pca_shiftedlog","step6_1_technical_separation","interpolated",0.770967100092429,0,0,0,"inconsistent_not_increasing"
"sparsity","scdesign3","pca_shiftedlog","step6_2_cluster_collapse","interpolated",0.770967100092429,1,1,1,"inconsistent_not_increasing"
"sparsity","scdesign3","pca_shiftedlog","step6_3_phantom_clustering","interpolated",0.770967100092429,1,1,1,"inconsistent_not_increasing"
"sparsity","scdesign3","pca_shiftedlog","step6_4_variance_hijacking","interpolated",0.770967100092429,0,0,0,"inconsistent_not_increasing"
"sparsity","scdesign3","pca_shiftedlog","step6_6_neighborhood_collapse","interpolated",0.770967100092429,0.948971193415638,0.888888888888889,0.987654320987654,"consistent_increasing"
"sparsity","scdesign3","pca_shiftedlog","step6_7_subspace_rotation_slippage","interpolated",0.770967100092429,0.918518518518519,0.851851851851852,1,"consistent_increasing"
"sparsity","splatter","pca_glmpca","step6_1_technical_separation","always_below_threshold",NA,0.0365826788666295,0,0.0649291266575217,"inconsistent_low_flag_despite_always_failing"
"sparsity","splatter","pca_glmpca","step6_2_cluster_collapse","always_below_threshold",NA,0.769658622127758,0.672610882487426,0.897893772893773,"consistent_uniform_high"
"sparsity","splatter","pca_glmpca","step6_3_phantom_clustering","always_below_threshold",NA,0.933333333333333,0.666666666666667,1,"consistent_uniform_high"
"sparsity","splatter","pca_glmpca","step6_4_variance_hijacking","always_below_threshold",NA,0.102802775642282,0.00549450549450549,0.181069958847737,"inconsistent_low_flag_despite_always_failing"
"sparsity","splatter","pca_glmpca","step6_6_neighborhood_collapse","always_below_threshold",NA,0.994604481024234,0.984453589391861,1,"consistent_uniform_high"
"sparsity","splatter","pca_glmpca","step6_7_subspace_rotation_slippage","always_below_threshold",NA,0.993324188385917,0.984453589391861,1,"consistent_uniform_high"
"sparsity","splatter","pca_libnorm","step6_1_technical_separation","interpolated",0.884667859584993,0.0317329675354367,0,0.0704160951074531,"inconsistent_not_increasing"
"sparsity","splatter","pca_libnorm","step6_2_cluster_collapse","interpolated",0.884667859584993,0.82880658436214,0.631001371742112,1,"consistent_increasing"
"sparsity","splatter","pca_libnorm","step6_3_phantom_clustering","interpolated",0.884667859584993,0.933333333333333,0.666666666666667,1,"consistent_increasing"
"sparsity","splatter","pca_libnorm","step6_4_variance_hijacking","interpolated",0.884667859584993,0.0723365340649291,0,0.167352537722908,"inconsistent_not_increasing"
"sparsity","splatter","pca_libnorm","step6_6_neighborhood_collapse","interpolated",0.884667859584993,0.96854138088706,0.907636031092821,1,"consistent_increasing"
"sparsity","splatter","pca_libnorm","step6_7_subspace_rotation_slippage","interpolated",0.884667859584993,0.730488852711075,0.494741655235482,0.997710622710623,"consistent_increasing"
"sparsity","splatter","pca_log","step6_1_technical_separation","interpolated",0.924351146669268,0.0526781631719903,0,0.101966163694559,"inconsistent_not_increasing"
"sparsity","splatter","pca_log","step6_2_cluster_collapse","interpolated",0.924351146669268,0.816710255907787,0.679012345679012,0.985805860805861,"consistent_increasing"
"sparsity","splatter","pca_log","step6_3_phantom_clustering","interpolated",0.924351146669268,0.4,0,1,"inconsistent_not_increasing"
"sparsity","splatter","pca_log","step6_4_variance_hijacking","interpolated",0.924351146669268,0.180367883145661,0.0265567765567766,0.294924554183813,"inconsistent_not_increasing"
"sparsity","splatter","pca_log","step6_6_neighborhood_collapse","interpolated",0.924351146669268,0.860772697809735,0.801554641060814,0.938644688644689,"consistent_increasing"
"sparsity","splatter","pca_log","step6_7_subspace_rotation_slippage","interpolated",0.924351146669268,0.811464096031997,0.743941472336534,0.936355311355311,"consistent_increasing"
"sparsity","splatter","pca_raw","step6_1_technical_separation","interpolated",0.797521384121694,0.0323731138545953,0,0.087334247828075,"inconsistent_not_increasing"
"sparsity","splatter","pca_raw","step6_2_cluster_collapse","interpolated",0.797521384121694,0.873799725651577,0.717421124828532,1,"consistent_increasing"
"sparsity","splatter","pca_raw","step6_3_phantom_clustering","interpolated",0.797521384121694,1,1,1,"inconsistent_not_increasing"
"sparsity","splatter","pca_raw","step6_4_variance_hijacking","interpolated",0.797521384121694,0.889537828426717,0.822344322344322,0.923639689071788,"inconsistent_not_increasing"
"sparsity","splatter","pca_raw","step6_6_neighborhood_collapse","interpolated",0.797521384121694,0.993141289437586,0.97896662094193,1,"consistent_increasing"
"sparsity","splatter","pca_raw","step6_7_subspace_rotation_slippage","interpolated",0.797521384121694,0.999450675067959,0.998626373626374,1,"inconsistent_not_increasing"
"sparsity","splatter","pca_sctransform_v2","step6_1_technical_separation","interpolated",0.876557924486623,0.0526056062742977,0.0105359596885021,0.078826764436297,"inconsistent_not_increasing"
"sparsity","splatter","pca_sctransform_v2","step6_2_cluster_collapse","interpolated",0.876557924486623,0.792913921926268,0.653406492912666,0.945970695970696,"consistent_increasing"
"sparsity","splatter","pca_sctransform_v2","step6_3_phantom_clustering","interpolated",0.876557924486623,0.0666666666666667,0,0.333333333333333,"consistent_increasing"
"sparsity","splatter","pca_sctransform_v2","step6_4_variance_hijacking","interpolated",0.876557924486623,0.141045735881759,0.021530004580852,0.225939505041247,"inconsistent_not_increasing"
"sparsity","splatter","pca_sctransform_v2","step6_6_neighborhood_collapse","interpolated",0.876557924486623,0.982401886420902,0.954628780934922,1,"consistent_increasing"
"sparsity","splatter","pca_sctransform_v2","step6_7_subspace_rotation_slippage","interpolated",0.876557924486623,0.94037456599185,0.844078646547782,1,"consistent_increasing"
"sparsity","splatter","pca_shiftedlog","step6_1_technical_separation","interpolated",0.929905116424021,0.0504819940005125,0,0.0973936899862826,"inconsistent_not_increasing"
"sparsity","splatter","pca_shiftedlog","step6_2_cluster_collapse","interpolated",0.929905116424021,0.806837481220197,0.651577503429355,0.987637362637363,"consistent_increasing"
"sparsity","splatter","pca_shiftedlog","step6_3_phantom_clustering","interpolated",0.929905116424021,0.133333333333333,0,0.666666666666667,"consistent_increasing"
"sparsity","splatter","pca_shiftedlog","step6_4_variance_hijacking","interpolated",0.929905116424021,0.130059241170352,0.00915750915750916,0.213991769547325,"inconsistent_not_increasing"
"sparsity","splatter","pca_shiftedlog","step6_6_neighborhood_collapse","interpolated",0.929905116424021,0.927289628524196,0.866483767718336,1,"consistent_increasing"
"sparsity","splatter","pca_shiftedlog","step6_7_subspace_rotation_slippage","interpolated",0.929905116424021,0.707358291000266,0.609967992684042,0.878205128205128,"consistent_increasing"
"sparsity","symsim","pca_glmpca","step6_1_technical_separation","always_below_threshold",NA,0.321536351165981,0.288980338363054,0.391403749428441,"inconsistent_low_flag_despite_always_failing"
"sparsity","symsim","pca_glmpca","step6_2_cluster_collapse","always_below_threshold",NA,0.977777777777778,0.94238683127572,1,"consistent_uniform_high"
"sparsity","symsim","pca_glmpca","step6_3_phantom_clustering","always_below_threshold",NA,1,1,1,"consistent_uniform_high"
"sparsity","symsim","pca_glmpca","step6_4_variance_hijacking","always_below_threshold",NA,0.621399176954733,0.563786008230453,0.679012345679012,"consistent_uniform_high"
"sparsity","symsim","pca_glmpca","step6_6_neighborhood_collapse","always_below_threshold",NA,0.984362139917696,0.94238683127572,1,"consistent_uniform_high"
"sparsity","symsim","pca_glmpca","step6_7_subspace_rotation_slippage","always_below_threshold",NA,0.940740740740741,0.917695473251029,0.962962962962963,"consistent_uniform_high"
"sparsity","symsim","pca_libnorm","step6_1_technical_separation","interpolated",0.798999990600317,0.322908093278464,0.0891632373113855,0.442158207590306,"inconsistent_not_increasing"
"sparsity","symsim","pca_libnorm","step6_2_cluster_collapse","interpolated",0.798999990600317,0.994238683127572,0.97119341563786,1,"consistent_increasing"
"sparsity","symsim","pca_libnorm","step6_3_phantom_clustering","interpolated",0.798999990600317,1,1,1,"inconsistent_not_increasing"
"sparsity","symsim","pca_libnorm","step6_4_variance_hijacking","interpolated",0.798999990600317,0.478189300411523,0.11522633744856,0.65843621399177,"inconsistent_not_increasing"
"sparsity","symsim","pca_libnorm","step6_6_neighborhood_collapse","interpolated",0.798999990600317,0.975308641975309,0.909465020576132,1,"consistent_increasing"
"sparsity","symsim","pca_libnorm","step6_7_subspace_rotation_slippage","interpolated",0.798999990600317,0.449382716049383,0.415637860082305,0.489711934156379,"consistent_increasing"
"sparsity","symsim","pca_log","step6_1_technical_separation","always_below_threshold",NA,0.333424782807499,0.333333333333333,0.333790580704161,"inconsistent_low_flag_despite_always_failing"
"sparsity","symsim","pca_log","step6_2_cluster_collapse","always_below_threshold",NA,1,1,1,"consistent_uniform_high"
"sparsity","symsim","pca_log","step6_3_phantom_clustering","always_below_threshold",NA,1,1,1,"consistent_uniform_high"
"sparsity","symsim","pca_log","step6_4_variance_hijacking","always_below_threshold",NA,0.678189300411523,0.674897119341564,0.683127572016461,"consistent_uniform_high"
"sparsity","symsim","pca_log","step6_6_neighborhood_collapse","always_below_threshold",NA,0.726748971193416,0.691358024691358,0.765432098765432,"consistent_uniform_high"
"sparsity","symsim","pca_log","step6_7_subspace_rotation_slippage","always_below_threshold",NA,0.990123456790123,0.97119341563786,1,"consistent_uniform_high"
"sparsity","symsim","pca_raw","step6_1_technical_separation","interpolated",0.83064756198583,0.271147690900777,0.0077732053040695,0.476451760402378,"inconsistent_not_increasing"
"sparsity","symsim","pca_raw","step6_2_cluster_collapse","interpolated",0.83064756198583,0.995884773662551,0.979423868312757,1,"consistent_increasing"
"sparsity","symsim","pca_raw","step6_3_phantom_clustering","interpolated",0.83064756198583,1,1,1,"inconsistent_not_increasing"
"sparsity","symsim","pca_raw","step6_4_variance_hijacking","interpolated",0.83064756198583,0.641975308641975,0.337448559670782,0.777777777777778,"inconsistent_not_increasing"
"sparsity","symsim","pca_raw","step6_6_neighborhood_collapse","interpolated",0.83064756198583,0.981893004115226,0.925925925925926,1,"consistent_increasing"
"sparsity","symsim","pca_raw","step6_7_subspace_rotation_slippage","interpolated",0.83064756198583,0.482304526748971,0.432098765432099,0.534979423868313,"inconsistent_not_increasing"
"sparsity","symsim","pca_sctransform_v2","step6_1_technical_separation","always_below_threshold",NA,0.463465935070873,0.353909465020576,0.632830361225423,"inconsistent_low_flag_despite_always_failing"
"sparsity","symsim","pca_sctransform_v2","step6_2_cluster_collapse","always_below_threshold",NA,1,1,1,"consistent_uniform_high"
"sparsity","symsim","pca_sctransform_v2","step6_3_phantom_clustering","always_below_threshold",NA,1,1,1,"consistent_uniform_high"
"sparsity","symsim","pca_sctransform_v2","step6_4_variance_hijacking","always_below_threshold",NA,0.681481481481481,0.666666666666667,0.711934156378601,"consistent_uniform_high"
"sparsity","symsim","pca_sctransform_v2","step6_6_neighborhood_collapse","always_below_threshold",NA,0.947325102880658,0.831275720164609,1,"consistent_uniform_high"
"sparsity","symsim","pca_sctransform_v2","step6_7_subspace_rotation_slippage","always_below_threshold",NA,1,1,1,"consistent_uniform_high"
"sparsity","symsim","pca_shiftedlog","step6_1_technical_separation","always_below_threshold",NA,0.334979423868313,0.333333333333333,0.337448559670782,"inconsistent_low_flag_despite_always_failing"
"sparsity","symsim","pca_shiftedlog","step6_2_cluster_collapse","always_below_threshold",NA,1,1,1,"consistent_uniform_high"
"sparsity","symsim","pca_shiftedlog","step6_3_phantom_clustering","always_below_threshold",NA,1,1,1,"consistent_uniform_high"
"sparsity","symsim","pca_shiftedlog","step6_4_variance_hijacking","always_below_threshold",NA,0.677366255144033,0.666666666666667,0.683127572016461,"consistent_uniform_high"
"sparsity","symsim","pca_shiftedlog","step6_6_neighborhood_collapse","always_below_threshold",NA,0.693827160493827,0.654320987654321,0.724279835390947,"consistent_uniform_high"
"sparsity","symsim","pca_shiftedlog","step6_7_subspace_rotation_slippage","always_below_threshold",NA,0.958847736625514,0.917695473251029,1,"consistent_uniform_high"
"depth","scdesign3","pca_glmpca","step6_1_technical_separation","always_below_threshold",NA,0,0,0,"inconsistent_low_flag_despite_always_failing"
"depth","scdesign3","pca_glmpca","step6_2_cluster_collapse","always_below_threshold",NA,0.852674897119342,0.753086419753086,0.982716049382716,"consistent_uniform_high"
"depth","scdesign3","pca_glmpca","step6_4_variance_hijacking","always_below_threshold",NA,0.0246913580246914,0,0.0740740740740741,"inconsistent_low_flag_despite_always_failing"
"depth","scdesign3","pca_glmpca","step6_6_neighborhood_collapse","always_below_threshold",NA,0.99917695473251,0.997530864197531,1,"consistent_uniform_high"
"depth","scdesign3","pca_glmpca","step6_7_subspace_rotation_slippage","always_below_threshold",NA,0.993415637860082,0.985185185185185,0.997530864197531,"consistent_uniform_high"
"depth","scdesign3","pca_libnorm","step6_1_technical_separation","always_below_threshold",NA,0,0,0,"inconsistent_low_flag_despite_always_failing"
"depth","scdesign3","pca_libnorm","step6_2_cluster_collapse","always_below_threshold",NA,1,1,1,"consistent_uniform_high"
"depth","scdesign3","pca_libnorm","step6_4_variance_hijacking","always_below_threshold",NA,0,0,0,"inconsistent_low_flag_despite_always_failing"
"depth","scdesign3","pca_libnorm","step6_6_neighborhood_collapse","always_below_threshold",NA,1,1,1,"consistent_uniform_high"
"depth","scdesign3","pca_libnorm","step6_7_subspace_rotation_slippage","always_below_threshold",NA,0.923456790123457,0.916049382716049,0.933333333333333,"consistent_uniform_high"
"depth","scdesign3","pca_log","step6_1_technical_separation","always_below_threshold",NA,0,0,0,"inconsistent_low_flag_despite_always_failing"
"depth","scdesign3","pca_log","step6_2_cluster_collapse","always_below_threshold",NA,1,1,1,"consistent_uniform_high"
"depth","scdesign3","pca_log","step6_4_variance_hijacking","always_below_threshold",NA,0.00164609053497942,0,0.00493827160493827,"inconsistent_low_flag_despite_always_failing"
"depth","scdesign3","pca_log","step6_6_neighborhood_collapse","always_below_threshold",NA,0.838683127572016,0.68641975308642,0.916049382716049,"consistent_uniform_high"
"depth","scdesign3","pca_log","step6_7_subspace_rotation_slippage","always_below_threshold",NA,1,1,1,"consistent_uniform_high"
"depth","scdesign3","pca_raw","step6_1_technical_separation","always_below_threshold",NA,0,0,0,"inconsistent_low_flag_despite_always_failing"
"depth","scdesign3","pca_raw","step6_2_cluster_collapse","always_below_threshold",NA,1,1,1,"consistent_uniform_high"
"depth","scdesign3","pca_raw","step6_4_variance_hijacking","always_below_threshold",NA,0.837037037037037,0.777777777777778,0.898765432098765,"consistent_uniform_high"
"depth","scdesign3","pca_raw","step6_6_neighborhood_collapse","always_below_threshold",NA,1,1,1,"consistent_uniform_high"
"depth","scdesign3","pca_raw","step6_7_subspace_rotation_slippage","always_below_threshold",NA,0.979423868312757,0.975308641975309,0.987654320987654,"consistent_uniform_high"
"depth","scdesign3","pca_sctransform_v2","step6_1_technical_separation","always_below_threshold",NA,0,0,0,"inconsistent_low_flag_despite_always_failing"
"depth","scdesign3","pca_sctransform_v2","step6_2_cluster_collapse","always_below_threshold",NA,0.981893004115226,0.945679012345679,1,"consistent_uniform_high"
"depth","scdesign3","pca_sctransform_v2","step6_4_variance_hijacking","always_below_threshold",NA,0,0,0,"inconsistent_low_flag_despite_always_failing"
"depth","scdesign3","pca_sctransform_v2","step6_6_neighborhood_collapse","always_below_threshold",NA,0.996707818930041,0.990123456790123,1,"consistent_uniform_high"
"depth","scdesign3","pca_sctransform_v2","step6_7_subspace_rotation_slippage","always_below_threshold",NA,0.99917695473251,0.997530864197531,1,"consistent_uniform_high"
"depth","scdesign3","pca_shiftedlog","step6_1_technical_separation","always_below_threshold",NA,0,0,0,"inconsistent_low_flag_despite_always_failing"
"depth","scdesign3","pca_shiftedlog","step6_2_cluster_collapse","always_below_threshold",NA,1,1,1,"consistent_uniform_high"
"depth","scdesign3","pca_shiftedlog","step6_4_variance_hijacking","always_below_threshold",NA,0,0,0,"inconsistent_low_flag_despite_always_failing"
"depth","scdesign3","pca_shiftedlog","step6_6_neighborhood_collapse","always_below_threshold",NA,0.948971193415638,0.918518518518519,0.975308641975309,"consistent_uniform_high"
"depth","scdesign3","pca_shiftedlog","step6_7_subspace_rotation_slippage","always_below_threshold",NA,0.918518518518519,0.777777777777778,0.995061728395062,"consistent_uniform_high"
"depth","splatter","pca_glmpca","step6_1_technical_separation","always_below_threshold",NA,0.0366097706305569,0.000548696844993141,0.0837451949478309,"inconsistent_low_flag_despite_always_failing"
"depth","splatter","pca_glmpca","step6_2_cluster_collapse","always_below_threshold",NA,0.769567513289929,0.594728171334432,0.901783264746228,"consistent_uniform_high"
"depth","splatter","pca_glmpca","step6_4_variance_hijacking","always_below_threshold",NA,0.102864914663479,0.0326474622770919,0.184239428885228,"inconsistent_low_flag_despite_always_failing"
"depth","splatter","pca_glmpca","step6_6_neighborhood_collapse","always_below_threshold",NA,0.994600036609921,0.983800109829764,1,"consistent_uniform_high"
"depth","splatter","pca_glmpca","step6_7_subspace_rotation_slippage","always_below_threshold",NA,0.993323661082524,0.981893004115226,0.99945085118067,"consistent_uniform_high"
"depth","splatter","pca_libnorm","step6_1_technical_separation","interpolated",2481.62200794934,0.0317582780983029,0.00301783264746228,0.0604063701263042,"consistent_increasing"
"depth","splatter","pca_libnorm","step6_2_cluster_collapse","interpolated",2481.62200794934,0.828680935496482,0.703734211971444,0.9440329218107,"inconsistent_not_increasing"
"depth","splatter","pca_libnorm","step6_4_variance_hijacking","interpolated",2481.62200794934,0.0723909969725252,0.0186556927297668,0.129049972542559,"consistent_increasing"
"depth","splatter","pca_libnorm","step6_6_neighborhood_collapse","interpolated",2481.62200794934,0.96851614565325,0.933003844041735,0.997530864197531,"inconsistent_not_increasing"
"depth","splatter","pca_libnorm","step6_7_subspace_rotation_slippage","interpolated",2481.62200794934,0.730316856608882,0.607907742998353,0.852674897119342,"inconsistent_not_increasing"
"depth","splatter","pca_log","step6_1_technical_separation","interpolated",950.02902847563,0.0527150475062693,0.0117969821673525,0.0944535969247666,"consistent_increasing"
"depth","splatter","pca_log","step6_2_cluster_collapse","interpolated",950.02902847563,0.816605989111938,0.696869851729819,0.920987654320988,"inconsistent_not_increasing"
"depth","splatter","pca_log","step6_4_variance_hijacking","interpolated",950.02902847563,0.18046205336461,0.0905349794238683,0.267435475013729,"consistent_increasing"
"depth","splatter","pca_log","step6_6_neighborhood_collapse","interpolated",950.02902847563,0.860761245309825,0.774211248285322,0.924766611751785,"consistent_increasing"
"depth","splatter","pca_log","step6_7_subspace_rotation_slippage","interpolated",950.02902847563,0.811430506309185,0.770096021947874,0.879736408566722,"consistent_increasing"
"depth","splatter","pca_raw","step6_1_technical_separation","always_below_threshold",NA,0.0323997803404723,0,0.0755079626578803,"inconsistent_low_flag_despite_always_failing"
"depth","splatter","pca_raw","step6_2_cluster_collapse","always_below_threshold",NA,0.873704057750268,0.752608456891818,0.969821673525377,"consistent_uniform_high"
"depth","splatter","pca_raw","step6_4_variance_hijacking","always_below_threshold",NA,0.889592462273325,0.770919067215364,0.972817133443163,"consistent_uniform_high"
"depth","splatter","pca_raw","step6_6_neighborhood_collapse","always_below_threshold",NA,0.993135639758374,0.981603514552444,1,"consistent_uniform_high"
"depth","splatter","pca_raw","step6_7_subspace_rotation_slippage","always_below_threshold",NA,0.999450926509726,0.99890170236134,0.999725651577503,"consistent_uniform_high"
"depth","splatter","pca_sctransform_v2","step6_1_technical_separation","always_below_threshold",NA,0.0525525430070711,0.0135060639470783,0.0875892366831411,"inconsistent_low_flag_despite_always_failing"
"depth","splatter","pca_sctransform_v2","step6_2_cluster_collapse","always_below_threshold",NA,0.792805773821496,0.638110928061505,0.934705075445816,"consistent_uniform_high"
"depth","splatter","pca_sctransform_v2","step6_4_variance_hijacking","always_below_threshold",NA,0.140921657795723,0.0507166482910695,0.228995057660626,"inconsistent_low_flag_despite_always_failing"
"depth","splatter","pca_sctransform_v2","step6_6_neighborhood_collapse","always_below_threshold",NA,0.982427237781439,0.956891817682592,1,"consistent_uniform_high"
"depth","splatter","pca_sctransform_v2","step6_7_subspace_rotation_slippage","always_below_threshold",NA,0.940346016486517,0.910214168039539,0.984349258649094,"consistent_uniform_high"
"depth","splatter","pca_shiftedlog","step6_1_technical_separation","interpolated",820.476790097474,0.0505186782161176,0.0109739368998628,0.0941790225151016,"consistent_increasing"
"depth","splatter","pca_shiftedlog","step6_2_cluster_collapse","interpolated",820.476790097474,0.806721762338334,0.686161449752883,0.919341563786008,"inconsistent_not_increasing"
"depth","splatter","pca_shiftedlog","step6_4_variance_hijacking","interpolated",820.476790097474,0.130135313583561,0.0471879286694101,0.218012081274025,"consistent_increasing"
"depth","splatter","pca_shiftedlog","step6_6_neighborhood_collapse","interpolated",820.476790097474,0.92724463638288,0.881109280615047,0.975034293552812,"inconsistent_not_increasing"
"depth","splatter","pca_shiftedlog","step6_7_subspace_rotation_slippage","interpolated",820.476790097474,0.707277012811213,0.621361889071938,0.763786008230453,"consistent_increasing"
"depth","symsim","pca_glmpca","step6_1_technical_separation","always_below_threshold",NA,0.321536351165981,0.300137174211248,0.347599451303155,"inconsistent_low_flag_despite_always_failing"
"depth","symsim","pca_glmpca","step6_2_cluster_collapse","always_below_threshold",NA,0.977777777777778,0.967901234567901,0.985185185185185,"consistent_uniform_high"
"depth","symsim","pca_glmpca","step6_4_variance_hijacking","always_below_threshold",NA,0.621399176954732,0.585185185185185,0.641975308641975,"consistent_uniform_high"
"depth","symsim","pca_glmpca","step6_6_neighborhood_collapse","always_below_threshold",NA,0.984362139917696,0.967901234567901,1,"consistent_uniform_high"
"depth","symsim","pca_glmpca","step6_7_subspace_rotation_slippage","always_below_threshold",NA,0.940740740740741,0.916049382716049,0.97283950617284,"consistent_uniform_high"
"depth","symsim","pca_libnorm","step6_1_technical_separation","interpolated",932.706371647758,0.322908093278464,0.316049382716049,0.335802469135802,"inconsistent_not_increasing"
"depth","symsim","pca_libnorm","step6_2_cluster_collapse","interpolated",932.706371647758,0.994238683127572,0.987654320987654,0.997530864197531,"inconsistent_not_increasing"
"depth","symsim","pca_libnorm","step6_4_variance_hijacking","interpolated",932.706371647758,0.478189300411523,0.469135802469136,0.483950617283951,"consistent_increasing"
"depth","symsim","pca_libnorm","step6_6_neighborhood_collapse","interpolated",932.706371647758,0.975308641975309,0.967901234567901,0.987654320987654,"inconsistent_not_increasing"
"depth","symsim","pca_libnorm","step6_7_subspace_rotation_slippage","interpolated",932.706371647758,0.449382716049383,0.362962962962963,0.535802469135802,"inconsistent_not_increasing"
"depth","symsim","pca_log","step6_1_technical_separation","always_below_threshold",NA,0.333424782807499,0.333333333333333,0.33360768175583,"inconsistent_low_flag_despite_always_failing"
"depth","symsim","pca_log","step6_2_cluster_collapse","always_below_threshold",NA,1,1,1,"consistent_uniform_high"
"depth","symsim","pca_log","step6_4_variance_hijacking","always_below_threshold",NA,0.678189300411523,0.666666666666667,0.696296296296296,"consistent_uniform_high"
"depth","symsim","pca_log","step6_6_neighborhood_collapse","always_below_threshold",NA,0.726748971193416,0.71358024691358,0.738271604938272,"consistent_uniform_high"
"depth","symsim","pca_log","step6_7_subspace_rotation_slippage","always_below_threshold",NA,0.990123456790123,0.980246913580247,1,"consistent_uniform_high"
"depth","symsim","pca_raw","step6_1_technical_separation","interpolated",1489.83146880769,0.271147690900777,0.252400548696845,0.300411522633745,"inconsistent_not_increasing"
"depth","symsim","pca_raw","step6_2_cluster_collapse","interpolated",1489.83146880769,0.995884773662551,0.992592592592593,0.997530864197531,"inconsistent_not_increasing"
"depth","symsim","pca_raw","step6_4_variance_hijacking","interpolated",1489.83146880769,0.641975308641975,0.585185185185185,0.674074074074074,"inconsistent_not_increasing"
"depth","symsim","pca_raw","step6_6_neighborhood_collapse","interpolated",1489.83146880769,0.981893004115226,0.977777777777778,0.990123456790123,"inconsistent_not_increasing"
"depth","symsim","pca_raw","step6_7_subspace_rotation_slippage","interpolated",1489.83146880769,0.482304526748971,0.422222222222222,0.54320987654321,"inconsistent_not_increasing"
"depth","symsim","pca_sctransform_v2","step6_1_technical_separation","always_below_threshold",NA,0.463465935070873,0.453497942386831,0.477640603566529,"inconsistent_low_flag_despite_always_failing"
"depth","symsim","pca_sctransform_v2","step6_2_cluster_collapse","always_below_threshold",NA,1,1,1,"consistent_uniform_high"
"depth","symsim","pca_sctransform_v2","step6_4_variance_hijacking","always_below_threshold",NA,0.681481481481481,0.674074074074074,0.688888888888889,"consistent_uniform_high"
"depth","symsim","pca_sctransform_v2","step6_6_neighborhood_collapse","always_below_threshold",NA,0.947325102880658,0.911111111111111,0.985185185185185,"consistent_uniform_high"
"depth","symsim","pca_sctransform_v2","step6_7_subspace_rotation_slippage","always_below_threshold",NA,1,1,1,"consistent_uniform_high"
"depth","symsim","pca_shiftedlog","step6_1_technical_separation","always_below_threshold",NA,0.334979423868313,0.33360768175583,0.336899862825789,"inconsistent_low_flag_despite_always_failing"
"depth","symsim","pca_shiftedlog","step6_2_cluster_collapse","always_below_threshold",NA,1,1,1,"consistent_uniform_high"
"depth","symsim","pca_shiftedlog","step6_4_variance_hijacking","always_below_threshold",NA,0.677366255144033,0.666666666666667,0.696296296296296,"consistent_uniform_high"
"depth","symsim","pca_shiftedlog","step6_6_neighborhood_collapse","always_below_threshold",NA,0.693827160493827,0.646913580246914,0.740740740740741,"consistent_uniform_high"
"depth","symsim","pca_shiftedlog","step6_7_subspace_rotation_slippage","always_below_threshold",NA,0.958847736625514,0.930864197530864,0.982716049382716,"consistent_uniform_high"
"separability","scdesign3","pca_glmpca","step6_1_technical_separation","always_below_threshold",NA,0,0,0,"inconsistent_low_flag_despite_always_failing"
"separability","scdesign3","pca_glmpca","step6_2_cluster_collapse","always_below_threshold",NA,0.852674897119342,0.716049382716049,0.945679012345679,"consistent_uniform_high"
"separability","scdesign3","pca_glmpca","step6_4_variance_hijacking","always_below_threshold",NA,0.0246913580246914,0.00740740740740741,0.0419753086419753,"inconsistent_low_flag_despite_always_failing"
"separability","scdesign3","pca_glmpca","step6_6_neighborhood_collapse","always_below_threshold",NA,0.99917695473251,0.997530864197531,1,"consistent_uniform_high"
"separability","scdesign3","pca_glmpca","step6_7_subspace_rotation_slippage","always_below_threshold",NA,0.993415637860082,0.982716049382716,1,"consistent_uniform_high"
"separability","scdesign3","pca_libnorm","step6_1_technical_separation","always_below_threshold",NA,0,0,0,"inconsistent_low_flag_despite_always_failing"
"separability","scdesign3","pca_libnorm","step6_2_cluster_collapse","always_below_threshold",NA,1,1,1,"consistent_uniform_high"
"separability","scdesign3","pca_libnorm","step6_4_variance_hijacking","always_below_threshold",NA,0,0,0,"inconsistent_low_flag_despite_always_failing"
"separability","scdesign3","pca_libnorm","step6_6_neighborhood_collapse","always_below_threshold",NA,1,1,1,"consistent_uniform_high"
"separability","scdesign3","pca_libnorm","step6_7_subspace_rotation_slippage","always_below_threshold",NA,0.923456790123457,0.77037037037037,1,"consistent_uniform_high"
"separability","scdesign3","pca_log","step6_1_technical_separation","always_below_threshold",NA,0,0,0,"inconsistent_low_flag_despite_always_failing"
"separability","scdesign3","pca_log","step6_2_cluster_collapse","always_below_threshold",NA,1,1,1,"consistent_uniform_high"
"separability","scdesign3","pca_log","step6_4_variance_hijacking","always_below_threshold",NA,0.00164609053497942,0,0.00493827160493827,"inconsistent_low_flag_despite_always_failing"
"separability","scdesign3","pca_log","step6_6_neighborhood_collapse","always_below_threshold",NA,0.838683127572016,0.802469135802469,0.888888888888889,"consistent_uniform_high"
"separability","scdesign3","pca_log","step6_7_subspace_rotation_slippage","always_below_threshold",NA,1,1,1,"consistent_uniform_high"
"separability","scdesign3","pca_raw","step6_1_technical_separation","between_low_and_medium",NA,0,0,0,"inconsistent_not_increasing"
"separability","scdesign3","pca_raw","step6_2_cluster_collapse","between_low_and_medium",NA,1,1,1,"inconsistent_not_increasing"
"separability","scdesign3","pca_raw","step6_4_variance_hijacking","between_low_and_medium",NA,0.837037037037037,0.822222222222222,0.859259259259259,"consistent_increasing"
"separability","scdesign3","pca_raw","step6_6_neighborhood_collapse","between_low_and_medium",NA,1,1,1,"inconsistent_not_increasing"
"separability","scdesign3","pca_raw","step6_7_subspace_rotation_slippage","between_low_and_medium",NA,0.979423868312757,0.967901234567901,0.987654320987654,"consistent_increasing"
"separability","scdesign3","pca_sctransform_v2","step6_1_technical_separation","always_below_threshold",NA,0,0,0,"inconsistent_low_flag_despite_always_failing"
"separability","scdesign3","pca_sctransform_v2","step6_2_cluster_collapse","always_below_threshold",NA,0.981893004115226,0.965432098765432,0.995061728395062,"consistent_uniform_high"
"separability","scdesign3","pca_sctransform_v2","step6_4_variance_hijacking","always_below_threshold",NA,0,0,0,"inconsistent_low_flag_despite_always_failing"
"separability","scdesign3","pca_sctransform_v2","step6_6_neighborhood_collapse","always_below_threshold",NA,0.996707818930041,0.992592592592593,1,"consistent_uniform_high"
"separability","scdesign3","pca_sctransform_v2","step6_7_subspace_rotation_slippage","always_below_threshold",NA,0.99917695473251,0.997530864197531,1,"consistent_uniform_high"
"separability","scdesign3","pca_shiftedlog","step6_1_technical_separation","always_below_threshold",NA,0,0,0,"inconsistent_low_flag_despite_always_failing"
"separability","scdesign3","pca_shiftedlog","step6_2_cluster_collapse","always_below_threshold",NA,1,1,1,"consistent_uniform_high"
"separability","scdesign3","pca_shiftedlog","step6_4_variance_hijacking","always_below_threshold",NA,0,0,0,"inconsistent_low_flag_despite_always_failing"
"separability","scdesign3","pca_shiftedlog","step6_6_neighborhood_collapse","always_below_threshold",NA,0.948971193415638,0.91358024691358,0.975308641975309,"consistent_uniform_high"
"separability","scdesign3","pca_shiftedlog","step6_7_subspace_rotation_slippage","always_below_threshold",NA,0.918518518518519,0.809876543209877,1,"consistent_uniform_high"
"separability","splatter","pca_glmpca","step6_1_technical_separation","always_below_threshold",NA,0.0365998719004483,0,0.0790557233049684,"inconsistent_low_flag_despite_always_failing"
"separability","splatter","pca_glmpca","step6_2_cluster_collapse","always_below_threshold",NA,0.769603806386678,0.50452923414768,0.990941531704639,"consistent_uniform_high"
"separability","splatter","pca_glmpca","step6_4_variance_hijacking","always_below_threshold",NA,0.10284564004026,0.000548998078506725,0.202305791929728,"inconsistent_low_flag_despite_always_failing"
"separability","splatter","pca_glmpca","step6_6_neighborhood_collapse","always_below_threshold",NA,0.994601518894684,0.988745539390612,1,"consistent_uniform_high"
"separability","splatter","pca_glmpca","step6_7_subspace_rotation_slippage","always_below_threshold",NA,0.993320523378168,0.986275048037332,1,"consistent_uniform_high"
"separability","splatter","pca_libnorm","step6_1_technical_separation","between_medium_and_high",NA,0.0317503888736389,0,0.0894866867965962,"consistent_increasing"
"separability","splatter","pca_libnorm","step6_2_cluster_collapse","between_medium_and_high",NA,0.828712599505902,0.605544880592918,0.999725500960747,"consistent_increasing"
"separability","splatter","pca_libnorm","step6_4_variance_hijacking","between_medium_and_high",NA,0.0723762466831366,0,0.15673895141367,"consistent_increasing"
"separability","splatter","pca_libnorm","step6_6_neighborhood_collapse","between_medium_and_high",NA,0.968524110165614,0.936865220971727,1,"consistent_increasing"
"separability","splatter","pca_libnorm","step6_7_subspace_rotation_slippage","between_medium_and_high",NA,0.730350443773447,0.515234696678562,0.951962668130662,"consistent_increasing"
"separability","splatter","pca_log","step6_1_technical_separation","between_low_and_medium",NA,0.0527038155366456,0,0.121054076310733,"consistent_increasing"
"separability","splatter","pca_log","step6_2_cluster_collapse","between_low_and_medium",NA,0.816634641778754,0.535822124622564,1,"consistent_increasing"
"separability","splatter","pca_log","step6_4_variance_hijacking","between_low_and_medium",NA,0.18043736846921,0,0.378259676091134,"consistent_increasing"
"separability","splatter","pca_log","step6_6_neighborhood_collapse","between_low_and_medium",NA,0.860737487418794,0.729343947296184,0.943453197913807,"consistent_increasing"
"separability","splatter","pca_log","step6_7_subspace_rotation_slippage","between_low_and_medium",NA,0.81141916003294,0.562723030469393,0.998902003842987,"consistent_increasing"
"separability","splatter","pca_raw","step6_1_technical_separation","between_medium_and_high",NA,0.0323908866318968,0,0.0955256656601702,"consistent_increasing"
"separability","splatter","pca_raw","step6_2_cluster_collapse","between_medium_and_high",NA,0.873730441943453,0.688443590447433,1,"consistent_increasing"
"separability","splatter","pca_raw","step6_4_variance_hijacking","between_medium_and_high",NA,0.889559886540397,0.807301674444139,0.945923689267088,"consistent_increasing"
"separability","splatter","pca_raw","step6_6_neighborhood_collapse","between_medium_and_high",NA,0.993137524018666,0.984079055723305,1,"consistent_increasing"
"separability","splatter","pca_raw","step6_7_subspace_rotation_slippage","between_medium_and_high",NA,0.999451001921493,0.99917650288224,0.999725500960747,"consistent_increasing"
"separability","splatter","pca_sctransform_v2","step6_1_technical_separation","between_medium_and_high",NA,0.052607939283526,0,0.152598295298323,"consistent_increasing"
"separability","splatter","pca_sctransform_v2","step6_2_cluster_collapse","between_medium_and_high",NA,0.792844725043462,0.506176228383201,0.99835300576448,"consistent_increasing"
"separability","splatter","pca_sctransform_v2","step6_4_variance_hijacking","between_medium_and_high",NA,0.141064230151363,0,0.271377508935936,"consistent_increasing"
"separability","splatter","pca_sctransform_v2","step6_6_neighborhood_collapse","between_medium_and_high",NA,0.982408593978387,0.962352294586425,1,"consistent_increasing"
"separability","splatter","pca_sctransform_v2","step6_7_subspace_rotation_slippage","between_medium_and_high",NA,0.940342208802269,0.87674993137524,0.993137524018666,"consistent_increasing"
"separability","splatter","pca_shiftedlog","step6_1_technical_separation","between_low_and_medium",NA,0.0505078232226187,0,0.120505078232226,"consistent_increasing"
"separability","splatter","pca_shiftedlog","step6_2_cluster_collapse","between_low_and_medium",NA,0.806752676365633,0.521822673620642,1,"consistent_increasing"
"separability","splatter","pca_shiftedlog","step6_4_variance_hijacking","between_low_and_medium",NA,0.130112544606094,0,0.247598133406533,"consistent_increasing"
"separability","splatter","pca_shiftedlog","step6_6_neighborhood_collapse","between_low_and_medium",NA,0.927257754597859,0.832555586055449,0.994510019214933,"consistent_increasing"
"separability","splatter","pca_shiftedlog","step6_7_subspace_rotation_slippage","between_low_and_medium",NA,0.707292524476164,0.357397749107878,0.983530057644798,"consistent_increasing"
"separability","symsim","pca_glmpca","step6_1_technical_separation","always_below_threshold",NA,0.321536351165981,0.311385459533608,0.328943758573388,"inconsistent_low_flag_despite_always_failing"
"separability","symsim","pca_glmpca","step6_2_cluster_collapse","always_below_threshold",NA,0.977777777777778,0.962962962962963,1,"consistent_uniform_high"
"separability","symsim","pca_glmpca","step6_4_variance_hijacking","always_below_threshold",NA,0.621399176954733,0.614814814814815,0.62962962962963,"consistent_uniform_high"
"separability","symsim","pca_glmpca","step6_6_neighborhood_collapse","always_below_threshold",NA,0.984362139917696,0.965432098765432,0.997530864197531,"consistent_uniform_high"
"separability","symsim","pca_glmpca","step6_7_subspace_rotation_slippage","always_below_threshold",NA,0.940740740740741,0.933333333333333,0.953086419753086,"consistent_uniform_high"
"separability","symsim","pca_libnorm","step6_1_technical_separation","between_medium_and_high",NA,0.322908093278464,0.297119341563786,0.336899862825789,"inconsistent_not_increasing"
"separability","symsim","pca_libnorm","step6_2_cluster_collapse","between_medium_and_high",NA,0.994238683127572,0.985185185185185,1,"consistent_increasing"
"separability","symsim","pca_libnorm","step6_4_variance_hijacking","between_medium_and_high",NA,0.478189300411523,0.461728395061728,0.488888888888889,"consistent_increasing"
"separability","symsim","pca_libnorm","step6_6_neighborhood_collapse","between_medium_and_high",NA,0.975308641975309,0.953086419753086,0.995061728395062,"consistent_increasing"
"separability","symsim","pca_libnorm","step6_7_subspace_rotation_slippage","between_medium_and_high",NA,0.449382716049383,0.42716049382716,0.481481481481481,"inconsistent_not_increasing"
"separability","symsim","pca_log","step6_1_technical_separation","always_below_threshold",NA,0.333424782807499,0.333333333333333,0.33360768175583,"inconsistent_low_flag_despite_always_failing"
"separability","symsim","pca_log","step6_2_cluster_collapse","always_below_threshold",NA,1,1,1,"consistent_uniform_high"
"separability","symsim","pca_log","step6_4_variance_hijacking","always_below_threshold",NA,0.678189300411523,0.671604938271605,0.683950617283951,"consistent_uniform_high"
"separability","symsim","pca_log","step6_6_neighborhood_collapse","always_below_threshold",NA,0.726748971193416,0.711111111111111,0.740740740740741,"consistent_uniform_high"
"separability","symsim","pca_log","step6_7_subspace_rotation_slippage","always_below_threshold",NA,0.990123456790123,0.987654320987654,0.995061728395062,"consistent_uniform_high"
"separability","symsim","pca_raw","step6_1_technical_separation","between_medium_and_high",NA,0.271147690900777,0.255418381344307,0.285048010973937,"inconsistent_not_increasing"
"separability","symsim","pca_raw","step6_2_cluster_collapse","between_medium_and_high",NA,0.995884773662551,0.987654320987654,1,"consistent_increasing"
"separability","symsim","pca_raw","step6_4_variance_hijacking","between_medium_and_high",NA,0.641975308641975,0.604938271604938,0.676543209876543,"consistent_increasing"
"separability","symsim","pca_raw","step6_6_neighborhood_collapse","between_medium_and_high",NA,0.981893004115226,0.965432098765432,0.995061728395062,"consistent_increasing"
"separability","symsim","pca_raw","step6_7_subspace_rotation_slippage","between_medium_and_high",NA,0.482304526748971,0.459259259259259,0.525925925925926,"inconsistent_not_increasing"
"separability","symsim","pca_sctransform_v2","step6_1_technical_separation","always_below_threshold",NA,0.463465935070873,0.443072702331962,0.493552812071331,"inconsistent_low_flag_despite_always_failing"
"separability","symsim","pca_sctransform_v2","step6_2_cluster_collapse","always_below_threshold",NA,1,1,1,"consistent_uniform_high"
"separability","symsim","pca_sctransform_v2","step6_4_variance_hijacking","always_below_threshold",NA,0.681481481481481,0.676543209876543,0.68641975308642,"consistent_uniform_high"
"separability","symsim","pca_sctransform_v2","step6_6_neighborhood_collapse","always_below_threshold",NA,0.947325102880658,0.920987654320988,0.975308641975309,"consistent_uniform_high"
"separability","symsim","pca_sctransform_v2","step6_7_subspace_rotation_slippage","always_below_threshold",NA,1,1,1,"consistent_uniform_high"
"separability","symsim","pca_shiftedlog","step6_1_technical_separation","always_below_threshold",NA,0.334979423868313,0.333333333333333,0.337722908093278,"inconsistent_low_flag_despite_always_failing"
"separability","symsim","pca_shiftedlog","step6_2_cluster_collapse","always_below_threshold",NA,1,1,1,"consistent_uniform_high"
"separability","symsim","pca_shiftedlog","step6_4_variance_hijacking","always_below_threshold",NA,0.677366255144033,0.669135802469136,0.683950617283951,"consistent_uniform_high"
"separability","symsim","pca_shiftedlog","step6_6_neighborhood_collapse","always_below_threshold",NA,0.693827160493827,0.676543209876543,0.71358024691358,"consistent_uniform_high"
"separability","symsim","pca_shiftedlog","step6_7_subspace_rotation_slippage","always_below_threshold",NA,0.958847736625514,0.953086419753086,0.962962962962963,"consistent_uniform_high"
"batch","scdesign3","pca_glmpca","step6_1_technical_separation","always_below_threshold",NA,0,0,0,"inconsistent_low_flag_despite_always_failing"
"batch","scdesign3","pca_glmpca","step6_2_cluster_collapse","always_below_threshold",NA,0.852674897119342,0.844444444444444,0.861728395061728,"consistent_uniform_high"
"batch","scdesign3","pca_glmpca","step6_4_variance_hijacking","always_below_threshold",NA,0.0246913580246914,0.00740740740740741,0.0395061728395062,"inconsistent_low_flag_despite_always_failing"
"batch","scdesign3","pca_glmpca","step6_6_neighborhood_collapse","always_below_threshold",NA,0.99917695473251,0.997530864197531,1,"consistent_uniform_high"
"batch","scdesign3","pca_glmpca","step6_7_subspace_rotation_slippage","always_below_threshold",NA,0.993415637860082,0.990123456790123,0.997530864197531,"consistent_uniform_high"
"batch","scdesign3","pca_libnorm","step6_1_technical_separation","always_below_threshold",NA,0,0,0,"inconsistent_low_flag_despite_always_failing"
"batch","scdesign3","pca_libnorm","step6_2_cluster_collapse","always_below_threshold",NA,1,1,1,"consistent_uniform_high"
"batch","scdesign3","pca_libnorm","step6_4_variance_hijacking","always_below_threshold",NA,0,0,0,"inconsistent_low_flag_despite_always_failing"
"batch","scdesign3","pca_libnorm","step6_6_neighborhood_collapse","always_below_threshold",NA,1,1,1,"consistent_uniform_high"
"batch","scdesign3","pca_libnorm","step6_7_subspace_rotation_slippage","always_below_threshold",NA,0.923456790123457,0.916049382716049,0.933333333333333,"consistent_uniform_high"
"batch","scdesign3","pca_log","step6_1_technical_separation","always_below_threshold",NA,0,0,0,"inconsistent_low_flag_despite_always_failing"
"batch","scdesign3","pca_log","step6_2_cluster_collapse","always_below_threshold",NA,1,1,1,"consistent_uniform_high"
"batch","scdesign3","pca_log","step6_4_variance_hijacking","always_below_threshold",NA,0.00164609053497942,0,0.00493827160493827,"inconsistent_low_flag_despite_always_failing"
"batch","scdesign3","pca_log","step6_6_neighborhood_collapse","always_below_threshold",NA,0.838683127572016,0.827160493827161,0.844444444444444,"consistent_uniform_high"
"batch","scdesign3","pca_log","step6_7_subspace_rotation_slippage","always_below_threshold",NA,1,1,1,"consistent_uniform_high"
"batch","scdesign3","pca_raw","step6_1_technical_separation","always_below_threshold",NA,0,0,0,"inconsistent_low_flag_despite_always_failing"
"batch","scdesign3","pca_raw","step6_2_cluster_collapse","always_below_threshold",NA,1,1,1,"consistent_uniform_high"
"batch","scdesign3","pca_raw","step6_4_variance_hijacking","always_below_threshold",NA,0.837037037037037,0.777777777777778,0.874074074074074,"consistent_uniform_high"
"batch","scdesign3","pca_raw","step6_6_neighborhood_collapse","always_below_threshold",NA,1,1,1,"consistent_uniform_high"
"batch","scdesign3","pca_raw","step6_7_subspace_rotation_slippage","always_below_threshold",NA,0.979423868312757,0.950617283950617,1,"consistent_uniform_high"
"batch","scdesign3","pca_sctransform_v2","step6_1_technical_separation","always_below_threshold",NA,0,0,0,"inconsistent_low_flag_despite_always_failing"
"batch","scdesign3","pca_sctransform_v2","step6_2_cluster_collapse","always_below_threshold",NA,0.981893004115226,0.980246913580247,0.982716049382716,"consistent_uniform_high"
"batch","scdesign3","pca_sctransform_v2","step6_4_variance_hijacking","always_below_threshold",NA,0,0,0,"inconsistent_low_flag_despite_always_failing"
"batch","scdesign3","pca_sctransform_v2","step6_6_neighborhood_collapse","always_below_threshold",NA,0.996707818930041,0.995061728395062,1,"consistent_uniform_high"
"batch","scdesign3","pca_sctransform_v2","step6_7_subspace_rotation_slippage","always_below_threshold",NA,0.99917695473251,0.997530864197531,1,"consistent_uniform_high"
"batch","scdesign3","pca_shiftedlog","step6_1_technical_separation","always_below_threshold",NA,0,0,0,"inconsistent_low_flag_despite_always_failing"
"batch","scdesign3","pca_shiftedlog","step6_2_cluster_collapse","always_below_threshold",NA,1,1,1,"consistent_uniform_high"
"batch","scdesign3","pca_shiftedlog","step6_4_variance_hijacking","always_below_threshold",NA,0,0,0,"inconsistent_low_flag_despite_always_failing"
"batch","scdesign3","pca_shiftedlog","step6_6_neighborhood_collapse","always_below_threshold",NA,0.948971193415638,0.938271604938272,0.955555555555556,"consistent_uniform_high"
"batch","scdesign3","pca_shiftedlog","step6_7_subspace_rotation_slippage","always_below_threshold",NA,0.918518518518519,0.91358024691358,0.928395061728395,"consistent_uniform_high"
"batch","splatter","pca_glmpca","step6_1_technical_separation","always_below_threshold",NA,0.0365998719004483,0,0.109799615701345,"inconsistent_low_flag_despite_always_failing"
"batch","splatter","pca_glmpca","step6_2_cluster_collapse","always_below_threshold",NA,0.769603806386678,0.740323908866319,0.817183639857261,"consistent_uniform_high"
"batch","splatter","pca_glmpca","step6_4_variance_hijacking","always_below_threshold",NA,0.10284564004026,0.000274499039253363,0.237167169914905,"inconsistent_low_flag_despite_always_failing"
"batch","splatter","pca_glmpca","step6_6_neighborhood_collapse","always_below_threshold",NA,0.994601518894684,0.987647543233599,1,"consistent_uniform_high"
"batch","splatter","pca_glmpca","step6_7_subspace_rotation_slippage","always_below_threshold",NA,0.993320523378168,0.990941531704639,0.99670601152896,"consistent_uniform_high"
"batch","splatter","pca_libnorm","step6_1_technical_separation","always_below_threshold",NA,0.0317503888736389,0,0.0952511666209168,"inconsistent_low_flag_despite_always_failing"
"batch","splatter","pca_libnorm","step6_2_cluster_collapse","always_below_threshold",NA,0.828712599505902,0.820477628328301,0.83996706011529,"consistent_uniform_high"
"batch","splatter","pca_libnorm","step6_4_variance_hijacking","always_below_threshold",NA,0.0723762466831366,0,0.169365907219325,"inconsistent_low_flag_despite_always_failing"
"batch","splatter","pca_libnorm","step6_6_neighborhood_collapse","always_below_threshold",NA,0.968524110165614,0.961570134504529,0.973373593192424,"consistent_uniform_high"
"batch","splatter","pca_libnorm","step6_7_subspace_rotation_slippage","always_below_threshold",NA,0.730350443773447,0.692561076036234,0.777381279165523,"consistent_uniform_high"
"batch","splatter","pca_log","step6_1_technical_separation","between_simple_and_complex",NA,0.0527038155366456,0,0.153719461981883,"consistent_increasing"
"batch","splatter","pca_log","step6_2_cluster_collapse","between_simple_and_complex",NA,0.816634641778754,0.80894866867966,0.825967609113368,"consistent_increasing"
"batch","splatter","pca_log","step6_4_variance_hijacking","between_simple_and_complex",NA,0.18043736846921,0.0933296733461433,0.335986824046116,"consistent_increasing"
"batch","splatter","pca_log","step6_6_neighborhood_collapse","between_simple_and_complex",NA,0.860737487418794,0.855064507274225,0.863848476530332,"inconsistent_not_increasing"
"batch","splatter","pca_log","step6_7_subspace_rotation_slippage","between_simple_and_complex",NA,0.81141916003294,0.790831732088938,0.851770518803184,"consistent_increasing"
"batch","splatter","pca_raw","step6_1_technical_separation","always_below_threshold",NA,0.0323908866318968,0.0123524567664013,0.0570958001646994,"inconsistent_low_flag_despite_always_failing"
"batch","splatter","pca_raw","step6_2_cluster_collapse","always_below_threshold",NA,0.873730441943453,0.868240461158386,0.883337908317321,"consistent_uniform_high"
"batch","splatter","pca_raw","step6_4_variance_hijacking","always_below_threshold",NA,0.889559886540397,0.87263244578644,0.90200384298655,"consistent_uniform_high"
"batch","splatter","pca_raw","step6_6_neighborhood_collapse","always_below_threshold",NA,0.993137524018666,0.979687071095251,1,"consistent_uniform_high"
"batch","splatter","pca_raw","step6_7_subspace_rotation_slippage","always_below_threshold",NA,0.999451001921493,0.998902003842987,0.999725500960747,"consistent_uniform_high"
"batch","splatter","pca_sctransform_v2","step6_1_technical_separation","always_below_threshold",NA,0.0526214248692599,0,0.155115511551155,"inconsistent_low_flag_despite_always_failing"
"batch","splatter","pca_sctransform_v2","step6_2_cluster_collapse","always_below_threshold",NA,0.792844725043462,0.785616250343124,0.800439198462805,"consistent_uniform_high"
"batch","splatter","pca_sctransform_v2","step6_4_variance_hijacking","always_below_threshold",NA,0.141072376433172,0,0.331958195819582,"inconsistent_low_flag_despite_always_failing"
"batch","splatter","pca_sctransform_v2","step6_6_neighborhood_collapse","always_below_threshold",NA,0.982403632520115,0.976622662266227,0.986256184716877,"consistent_uniform_high"
"batch","splatter","pca_sctransform_v2","step6_7_subspace_rotation_slippage","always_below_threshold",NA,0.940342208802269,0.924238265166072,0.960472138347516,"consistent_uniform_high"
"batch","splatter","pca_shiftedlog","step6_1_technical_separation","always_above_threshold",NA,0.0505078232226187,0,0.146582486961296,"consistent_uniform_low"
"batch","splatter","pca_shiftedlog","step6_2_cluster_collapse","always_above_threshold",NA,0.806752676365633,0.799615701345045,0.816085643700247,"inconsistent_high_flag_despite_never_failing"
"batch","splatter","pca_shiftedlog","step6_4_variance_hijacking","always_above_threshold",NA,0.130112544606094,0,0.297556958550645,"consistent_uniform_low"
"batch","splatter","pca_shiftedlog","step6_6_neighborhood_collapse","always_above_threshold",NA,0.927257754597859,0.922316771891298,0.930002744990392,"inconsistent_high_flag_despite_never_failing"
"batch","splatter","pca_shiftedlog","step6_7_subspace_rotation_slippage","always_above_threshold",NA,0.707292524476164,0.660719187482844,0.78204776283283,"inconsistent_high_flag_despite_never_failing"
"dropout","scdesign3","pca_glmpca","step6_1_technical_separation","always_below_threshold",NA,0,0,0,"inconsistent_low_flag_despite_always_failing"
"dropout","scdesign3","pca_glmpca","step6_2_cluster_collapse","always_below_threshold",NA,0.852674897119342,0.824691358024691,0.893827160493827,"consistent_uniform_high"
"dropout","scdesign3","pca_glmpca","step6_4_variance_hijacking","always_below_threshold",NA,0.0246913580246914,0.0222222222222222,0.0271604938271605,"inconsistent_low_flag_despite_always_failing"
"dropout","scdesign3","pca_glmpca","step6_6_neighborhood_collapse","always_below_threshold",NA,0.99917695473251,0.997530864197531,1,"consistent_uniform_high"
"dropout","scdesign3","pca_glmpca","step6_7_subspace_rotation_slippage","always_below_threshold",NA,0.993415637860082,0.992592592592593,0.995061728395062,"consistent_uniform_high"
"dropout","scdesign3","pca_libnorm","step6_1_technical_separation","always_below_threshold",NA,0,0,0,"inconsistent_low_flag_despite_always_failing"
"dropout","scdesign3","pca_libnorm","step6_2_cluster_collapse","always_below_threshold",NA,1,1,1,"consistent_uniform_high"
"dropout","scdesign3","pca_libnorm","step6_4_variance_hijacking","always_below_threshold",NA,0,0,0,"inconsistent_low_flag_despite_always_failing"
"dropout","scdesign3","pca_libnorm","step6_6_neighborhood_collapse","always_below_threshold",NA,1,1,1,"consistent_uniform_high"
"dropout","scdesign3","pca_libnorm","step6_7_subspace_rotation_slippage","always_below_threshold",NA,0.923456790123457,0.874074074074074,0.997530864197531,"consistent_uniform_high"
"dropout","scdesign3","pca_log","step6_1_technical_separation","always_below_threshold",NA,0,0,0,"inconsistent_low_flag_despite_always_failing"
"dropout","scdesign3","pca_log","step6_2_cluster_collapse","always_below_threshold",NA,1,1,1,"consistent_uniform_high"
"dropout","scdesign3","pca_log","step6_4_variance_hijacking","always_below_threshold",NA,0.00164609053497942,0,0.00246913580246914,"inconsistent_low_flag_despite_always_failing"
"dropout","scdesign3","pca_log","step6_6_neighborhood_collapse","always_below_threshold",NA,0.838683127572016,0.822222222222222,0.851851851851852,"consistent_uniform_high"
"dropout","scdesign3","pca_log","step6_7_subspace_rotation_slippage","always_below_threshold",NA,1,1,1,"consistent_uniform_high"
"dropout","scdesign3","pca_raw","step6_1_technical_separation","always_below_threshold",NA,0,0,0,"inconsistent_low_flag_despite_always_failing"
"dropout","scdesign3","pca_raw","step6_2_cluster_collapse","always_below_threshold",NA,1,1,1,"consistent_uniform_high"
"dropout","scdesign3","pca_raw","step6_4_variance_hijacking","always_below_threshold",NA,0.837037037037037,0.8,0.866666666666667,"consistent_uniform_high"
"dropout","scdesign3","pca_raw","step6_6_neighborhood_collapse","always_below_threshold",NA,1,1,1,"consistent_uniform_high"
"dropout","scdesign3","pca_raw","step6_7_subspace_rotation_slippage","always_below_threshold",NA,0.979423868312757,0.967901234567901,0.997530864197531,"consistent_uniform_high"
"dropout","scdesign3","pca_sctransform_v2","step6_1_technical_separation","always_below_threshold",NA,0,0,0,"inconsistent_low_flag_despite_always_failing"
"dropout","scdesign3","pca_sctransform_v2","step6_2_cluster_collapse","always_below_threshold",NA,0.981893004115226,0.962962962962963,1,"consistent_uniform_high"
"dropout","scdesign3","pca_sctransform_v2","step6_4_variance_hijacking","always_below_threshold",NA,0,0,0,"inconsistent_low_flag_despite_always_failing"
"dropout","scdesign3","pca_sctransform_v2","step6_6_neighborhood_collapse","always_below_threshold",NA,0.996707818930041,0.992592592592593,1,"consistent_uniform_high"
"dropout","scdesign3","pca_sctransform_v2","step6_7_subspace_rotation_slippage","always_below_threshold",NA,0.99917695473251,0.997530864197531,1,"consistent_uniform_high"
"dropout","scdesign3","pca_shiftedlog","step6_1_technical_separation","between_none_and_low",NA,0,0,0,"inconsistent_not_increasing"
"dropout","scdesign3","pca_shiftedlog","step6_2_cluster_collapse","between_none_and_low",NA,1,1,1,"inconsistent_not_increasing"
"dropout","scdesign3","pca_shiftedlog","step6_4_variance_hijacking","between_none_and_low",NA,0,0,0,"inconsistent_not_increasing"
"dropout","scdesign3","pca_shiftedlog","step6_6_neighborhood_collapse","between_none_and_low",NA,0.948971193415638,0.916049382716049,0.97283950617284,"consistent_increasing"
"dropout","scdesign3","pca_shiftedlog","step6_7_subspace_rotation_slippage","between_none_and_low",NA,0.918518518518519,0.893827160493827,0.945679012345679,"consistent_increasing"
"dropout","splatter","pca_glmpca","step6_1_technical_separation","always_below_threshold",NA,0.0366010499726519,0.0126200274348422,0.0584362139917695,"inconsistent_low_flag_despite_always_failing"
"dropout","splatter","pca_glmpca","step6_2_cluster_collapse","always_below_threshold",NA,0.769602360647927,0.670233196159122,0.871604938271605,"consistent_uniform_high"
"dropout","splatter","pca_glmpca","step6_4_variance_hijacking","always_below_threshold",NA,0.102846053894877,0.0460905349794239,0.158847736625514,"inconsistent_low_flag_despite_always_failing"
"dropout","splatter","pca_glmpca","step6_6_neighborhood_collapse","always_below_threshold",NA,0.994603123983397,0.986282578875171,1,"consistent_uniform_high"
"dropout","splatter","pca_glmpca","step6_7_subspace_rotation_slippage","always_below_threshold",NA,0.993317252399418,0.987359164605661,0.996982167352538,"consistent_uniform_high"
"dropout","splatter","pca_libnorm","step6_1_technical_separation","between_none_and_low",NA,0.0317519661071512,0.0150891632373114,0.0455418381344307,"inconsistent_not_increasing"
"dropout","splatter","pca_libnorm","step6_2_cluster_collapse","between_none_and_low",NA,0.828709028204209,0.753086419753086,0.910836762688615,"consistent_increasing"
"dropout","splatter","pca_libnorm","step6_4_variance_hijacking","between_none_and_low",NA,0.0723778484192924,0.0282578875171468,0.11358024691358,"inconsistent_not_increasing"
"dropout","splatter","pca_libnorm","step6_6_neighborhood_collapse","between_none_and_low",NA,0.968522080750715,0.953360768175583,0.987379972565158,"consistent_increasing"
"dropout","splatter","pca_libnorm","step6_7_subspace_rotation_slippage","between_none_and_low",NA,0.730338268815465,0.636488340192044,0.84636488340192,"consistent_increasing"
"dropout","splatter","pca_log","step6_1_technical_separation","between_low_and_high",NA,0.0527044504531197,0.0235939643347051,0.0806584362139918,"inconsistent_not_increasing"
"dropout","splatter","pca_log","step6_2_cluster_collapse","between_low_and_high",NA,0.816631515539437,0.712208504801097,0.926748971193416,"consistent_increasing"
"dropout","splatter","pca_log","step6_4_variance_hijacking","between_low_and_high",NA,0.180443609110418,0.0757201646090535,0.273799725651578,"inconsistent_not_increasing"
"dropout","splatter","pca_log","step6_6_neighborhood_collapse","between_low_and_high",NA,0.860762634332907,0.766529492455418,0.909190672153635,"inconsistent_not_increasing"
"dropout","splatter","pca_log","step6_7_subspace_rotation_slippage","between_low_and_high",NA,0.811403666498167,0.776680384087791,0.874348422496571,"inconsistent_not_increasing"
"dropout","splatter","pca_raw","step6_1_technical_separation","always_below_threshold",NA,0.0323936202494618,0.00631001371742112,0.0534979423868313,"inconsistent_low_flag_despite_always_failing"
"dropout","splatter","pca_raw","step6_2_cluster_collapse","always_below_threshold",NA,0.87372403292935,0.80960219478738,0.949519890260631,"consistent_uniform_high"
"dropout","splatter","pca_raw","step6_4_variance_hijacking","always_below_threshold",NA,0.889590026654544,0.748422496570645,0.975857338820302,"consistent_uniform_high"
"dropout","splatter","pca_raw","step6_6_neighborhood_collapse","always_below_threshold",NA,0.993137670662021,0.989849108367627,0.996159122085048,"consistent_uniform_high"
"dropout","splatter","pca_raw","step6_7_subspace_rotation_slippage","always_below_threshold",NA,0.999451001590376,0.99917695473251,0.999725651577503,"consistent_uniform_high"
"dropout","splatter","pca_sctransform_v2","step6_1_technical_separation","always_below_threshold",NA,0.0525683862457507,0.0303197353914002,0.0740740740740741,"inconsistent_low_flag_despite_always_failing"
"dropout","splatter","pca_sctransform_v2","step6_2_cluster_collapse","always_below_threshold",NA,0.79284243888887,0.71440329218107,0.875445816186557,"consistent_uniform_high"
"dropout","splatter","pca_sctransform_v2","step6_4_variance_hijacking","always_below_threshold",NA,0.140948359676618,0.0837927232635061,0.198079561042524,"inconsistent_low_flag_despite_always_failing"
"dropout","splatter","pca_sctransform_v2","step6_6_neighborhood_collapse","always_below_threshold",NA,0.982434963426189,0.958573388203018,0.999448732083793,"consistent_uniform_high"
"dropout","splatter","pca_sctransform_v2","step6_7_subspace_rotation_slippage","always_below_threshold",NA,0.94032940658489,0.917010167628469,0.982441700960219,"consistent_uniform_high"
"dropout","splatter","pca_shiftedlog","step6_1_technical_separation","between_low_and_high",NA,0.0505075521207344,0.0233196159122085,0.0781893004115226,"inconsistent_not_increasing"
"dropout","splatter","pca_shiftedlog","step6_2_cluster_collapse","between_low_and_high",NA,0.806750448860104,0.7039780521262,0.91358024691358,"consistent_increasing"
"dropout","splatter","pca_shiftedlog","step6_4_variance_hijacking","between_low_and_high",NA,0.130111869169201,0.0556927297668038,0.205761316872428,"inconsistent_not_increasing"
"dropout","splatter","pca_shiftedlog","step6_6_neighborhood_collapse","between_low_and_high",NA,0.927256353684045,0.893552812071331,0.963511659807956,"consistent_increasing"
"dropout","splatter","pca_shiftedlog","step6_7_subspace_rotation_slippage","between_low_and_high",NA,0.707259678434096,0.647430612805716,0.76323731138546,"consistent_increasing"
"clipping","splatter","pca_glmpca","step6_1_technical_separation","always_below_threshold",NA,0.0365998719004483,0.0356848751029371,0.0381553664562174,"inconsistent_low_flag_despite_always_failing"
"clipping","splatter","pca_glmpca","step6_2_cluster_collapse","always_below_threshold",NA,0.769603806386678,0.767499313752402,0.772714795498216,"consistent_uniform_high"
"clipping","splatter","pca_glmpca","step6_4_variance_hijacking","always_below_threshold",NA,0.10284564004026,0.101290145484491,0.103760636837771,"inconsistent_low_flag_despite_always_failing"
"clipping","splatter","pca_glmpca","step6_6_neighborhood_collapse","always_below_threshold",NA,0.994601518894684,0.994235520175679,0.994784518254186,"consistent_uniform_high"
"clipping","splatter","pca_glmpca","step6_7_subspace_rotation_slippage","always_below_threshold",NA,0.993320523378168,0.992039527861653,0.993961021136426,"consistent_uniform_high"
"clipping","splatter","pca_libnorm","step6_1_technical_separation","between_log_stabilized_and_clip99",NA,0.0317503888736389,0.03101839143563,0.0321163875926434,"consistent_increasing"
"clipping","splatter","pca_libnorm","step6_2_cluster_collapse","between_log_stabilized_and_clip99",NA,0.828712599505902,0.827614603348888,0.829810595662915,"consistent_increasing"
"clipping","splatter","pca_libnorm","step6_4_variance_hijacking","between_log_stabilized_and_clip99",NA,0.0723762466831366,0.0697227559703541,0.0763107329124348,"consistent_increasing"
"clipping","splatter","pca_libnorm","step6_6_neighborhood_collapse","between_log_stabilized_and_clip99",NA,0.968524110165614,0.967609113368103,0.969256107603623,"consistent_increasing"
"clipping","splatter","pca_libnorm","step6_7_subspace_rotation_slippage","between_log_stabilized_and_clip99",NA,0.730350443773447,0.724951962668131,0.733186933845732,"consistent_increasing"
"clipping","splatter","pca_log","step6_1_technical_separation","always_above_threshold",NA,0.0527038155366456,0.0524293164973923,0.0532528136151523,"consistent_uniform_low"
"clipping","splatter","pca_log","step6_2_cluster_collapse","always_above_threshold",NA,0.816634641778754,0.816085643700247,0.817183639857261,"inconsistent_high_flag_despite_never_failing"
"clipping","splatter","pca_log","step6_4_variance_hijacking","always_above_threshold",NA,0.18043736846921,0.179247872632446,0.181169365907219,"consistent_uniform_low"
"clipping","splatter","pca_log","step6_6_neighborhood_collapse","always_above_threshold",NA,0.860737487418794,0.858632994784518,0.861926983255559,"inconsistent_high_flag_despite_never_failing"
"clipping","splatter","pca_log","step6_7_subspace_rotation_slippage","always_above_threshold",NA,0.81141916003294,0.81059566291518,0.8122426571507,"inconsistent_high_flag_despite_never_failing"
"clipping","splatter","pca_raw","step6_1_technical_separation","always_below_threshold",NA,0.0323908866318968,0.0318418885533901,0.0332143837496569,"inconsistent_low_flag_despite_always_failing"
"clipping","splatter","pca_raw","step6_2_cluster_collapse","always_below_threshold",NA,0.873730441943453,0.87263244578644,0.875377436178973,"consistent_uniform_high"
"clipping","splatter","pca_raw","step6_4_variance_hijacking","always_below_threshold",NA,0.889559886540397,0.882239912160307,0.895141367005216,"consistent_uniform_high"
"clipping","splatter","pca_raw","step6_6_neighborhood_collapse","always_below_threshold",NA,0.993137524018666,0.992039527861653,0.993961021136426,"consistent_uniform_high"
"clipping","splatter","pca_raw","step6_7_subspace_rotation_slippage","always_below_threshold",NA,0.999451001921493,0.998902003842987,0.999725500960747,"consistent_uniform_high"
"clipping","splatter","pca_sctransform_v2","step6_1_technical_separation","always_below_threshold",NA,0.0526027241549386,0.051676745464541,0.0538905691503987,"inconsistent_low_flag_despite_always_failing"
"clipping","splatter","pca_sctransform_v2","step6_2_cluster_collapse","always_below_threshold",NA,0.792844725043462,0.791929728245951,0.794400219599231,"consistent_uniform_high"
"clipping","splatter","pca_sctransform_v2","step6_4_variance_hijacking","always_below_threshold",NA,0.141037493168401,0.139912039582188,0.141875171844927,"inconsistent_low_flag_despite_always_failing"
"clipping","splatter","pca_sctransform_v2","step6_6_neighborhood_collapse","always_below_threshold",NA,0.982404742171769,0.981858163826278,0.983227935111356,"consistent_uniform_high"
"clipping","splatter","pca_sctransform_v2","step6_7_subspace_rotation_slippage","always_below_threshold",NA,0.940342208802269,0.938512215207247,0.944002195992314,"consistent_uniform_high"
"clipping","splatter","pca_shiftedlog","step6_1_technical_separation","always_above_threshold",NA,0.0505078232226187,0.049958825144112,0.0510568213011254,"consistent_uniform_low"
"clipping","splatter","pca_shiftedlog","step6_2_cluster_collapse","always_above_threshold",NA,0.806752676365633,0.805105682130113,0.8081251715619,"inconsistent_high_flag_despite_never_failing"
"clipping","splatter","pca_shiftedlog","step6_4_variance_hijacking","always_above_threshold",NA,0.130112544606094,0.128740049409827,0.131759538841614,"consistent_uniform_low"
"clipping","splatter","pca_shiftedlog","step6_6_neighborhood_collapse","always_above_threshold",NA,0.927257754597859,0.925336261323085,0.929179247872632,"inconsistent_high_flag_despite_never_failing"
"clipping","splatter","pca_shiftedlog","step6_7_subspace_rotation_slippage","always_above_threshold",NA,0.707292524476164,0.704913532802635,0.710129014548449,"inconsistent_high_flag_despite_never_failing"
