"axis","method","pc","spearman_rho","monotonic_increasing","monotonic_decreasing","first_level_crossing_30deg","always_above_30deg_ceiling_effect","min_angle","max_angle"
"sparsity","pca_raw","angle_pc1",1,TRUE,FALSE,"0.7",TRUE,52.2942358801726,53.2687602549544
"sparsity","pca_raw","angle_pc2",1,TRUE,FALSE,"0.7",TRUE,45.1532572183931,52.8979786379869
"sparsity","pca_raw","angle_pc3",1,TRUE,FALSE,"0.7",TRUE,51.9590557904317,64.4583150799192
"sparsity","pca_glmpca","angle_pc1",0.8,FALSE,FALSE,"0.7",TRUE,74.8822290461153,76.5979112830635
"sparsity","pca_glmpca","angle_pc2",0.8,FALSE,FALSE,"0.7",TRUE,75.3696081228271,76.9683602015725
"sparsity","pca_glmpca","angle_pc3",0.9,FALSE,FALSE,"0.7",TRUE,75.5562552816311,77.67122808133
"sparsity","pca_libnorm","angle_pc1",1,TRUE,FALSE,"0.7",TRUE,41.6367815336059,55.1246520666892
"sparsity","pca_libnorm","angle_pc2",1,TRUE,FALSE,"0.7",TRUE,43.1986337423431,61.9641212970462
"sparsity","pca_libnorm","angle_pc3",1,TRUE,FALSE,"0.7",TRUE,48.155426006818,67.7549324481523
"sparsity","pca_sctransform_v2","angle_pc1",1,TRUE,FALSE,"0.7",TRUE,58.4243461761422,72.3541480629465
"sparsity","pca_sctransform_v2","angle_pc2",1,TRUE,FALSE,"0.7",TRUE,61.0493857431216,74.4045688254692
"sparsity","pca_sctransform_v2","angle_pc3",1,TRUE,FALSE,"0.7",TRUE,63.5118451268214,76.1604841021433
"sparsity","pca_shiftedlog","angle_pc1",1,TRUE,FALSE,"0.7",TRUE,52.3517957673456,63.4662633022664
"sparsity","pca_shiftedlog","angle_pc2",0.9,FALSE,FALSE,"0.7",TRUE,54.2592858413703,65.782396493253
"sparsity","pca_shiftedlog","angle_pc3",0.7,FALSE,FALSE,"0.7",TRUE,57.6046604672936,66.6846056409441
"sparsity","pca_log","angle_pc1",1,TRUE,FALSE,"0.7",TRUE,61.3837750578862,67.7810865122812
"sparsity","pca_log","angle_pc2",1,TRUE,FALSE,"0.7",TRUE,62.5083393325141,70.2273526174994
"sparsity","pca_log","angle_pc3",0.7,FALSE,FALSE,"0.7",TRUE,64.0558296874228,71.015030326256
"depth","pca_raw","angle_pc1",0.5,FALSE,FALSE,"500",TRUE,50.9173446951659,53.853918197705
"depth","pca_raw","angle_pc2",-1,FALSE,TRUE,"500",TRUE,46.2850144260398,51.5105732453232
"depth","pca_raw","angle_pc3",-1,FALSE,TRUE,"500",TRUE,54.145476846932,61.7893679890297
"depth","pca_glmpca","angle_pc1",-1,FALSE,TRUE,"500",TRUE,74.8597794359216,76.5256838839518
"depth","pca_glmpca","angle_pc2",-1,FALSE,TRUE,"500",TRUE,75.462065626817,76.9049967917981
"depth","pca_glmpca","angle_pc3",-0.5,FALSE,FALSE,"500",TRUE,75.270465817115,77.358610937962
"depth","pca_libnorm","angle_pc1",-1,FALSE,TRUE,"500",TRUE,45.0908944774246,51.5869669867845
"depth","pca_libnorm","angle_pc2",-1,FALSE,TRUE,"500",TRUE,49.4020487245429,54.6193879510216
"depth","pca_libnorm","angle_pc3",-1,FALSE,TRUE,"500",TRUE,54.5945862763122,62.1821556591281
"depth","pca_sctransform_v2","angle_pc1",1,TRUE,FALSE,"500",TRUE,63.3289164009069,66.8718962905353
"depth","pca_sctransform_v2","angle_pc2",1,TRUE,FALSE,"500",TRUE,66.5966486190023,67.7434472877039
"depth","pca_sctransform_v2","angle_pc3",-0.5,FALSE,FALSE,"500",TRUE,68.8616999990428,70.3350856264577
"depth","pca_shiftedlog","angle_pc1",1,TRUE,FALSE,"500",TRUE,56.0797409184403,59.2609403676066
"depth","pca_shiftedlog","angle_pc2",0.5,FALSE,FALSE,"500",TRUE,57.8879191438356,59.8527984399395
"depth","pca_shiftedlog","angle_pc3",-1,FALSE,TRUE,"500",TRUE,61.328185807034,61.8331896556561
"depth","pca_log","angle_pc1",1,TRUE,FALSE,"500",TRUE,62.1487384684055,66.0011751996674
"depth","pca_log","angle_pc2",1,TRUE,FALSE,"500",TRUE,64.1373359646641,66.1767834775469
"depth","pca_log","angle_pc3",-0.5,FALSE,FALSE,"500",TRUE,66.4124378593175,66.7620913081972
"dropout","pca_raw","angle_pc1",-0.5,FALSE,FALSE,"none",TRUE,50.2303440042103,54.9293521509378
"dropout","pca_raw","angle_pc2",0.5,FALSE,FALSE,"none",TRUE,47.1446012402095,50.7566011921469
"dropout","pca_raw","angle_pc3",1,TRUE,FALSE,"none",TRUE,55.9757630472274,61.3942426302384
"dropout","pca_glmpca","angle_pc1",0.5,FALSE,FALSE,"none",TRUE,74.8369054123317,76.247133167466
"dropout","pca_glmpca","angle_pc2",0.5,FALSE,FALSE,"none",TRUE,75.426469843662,77.0403873600593
"dropout","pca_glmpca","angle_pc3",1,TRUE,FALSE,"none",TRUE,75.892047717257,77.760140169412
"dropout","pca_libnorm","angle_pc1",0.5,FALSE,FALSE,"none",TRUE,45.9540242740089,51.9108452293316
"dropout","pca_libnorm","angle_pc2",1,TRUE,FALSE,"none",TRUE,49.386887745928,57.5295949192806
"dropout","pca_libnorm","angle_pc3",1,TRUE,FALSE,"none",TRUE,54.9589331476573,62.0003947863177
"dropout","pca_sctransform_v2","angle_pc1",1,TRUE,FALSE,"none",TRUE,63.7470156146739,66.8054231046075
"dropout","pca_sctransform_v2","angle_pc2",1,TRUE,FALSE,"none",TRUE,65.7130103041437,69.0538679970479
"dropout","pca_sctransform_v2","angle_pc3",1,TRUE,FALSE,"none",TRUE,68.4069289972599,71.1105885076333
"dropout","pca_shiftedlog","angle_pc1",0.5,FALSE,FALSE,"none",TRUE,55.4212255128151,60.518689891458
"dropout","pca_shiftedlog","angle_pc2",0.5,FALSE,FALSE,"none",TRUE,56.3531898522786,62.4269639026529
"dropout","pca_shiftedlog","angle_pc3",0.5,FALSE,FALSE,"none",TRUE,59.5567991067875,64.9933719821145
"dropout","pca_log","angle_pc1",0.5,FALSE,FALSE,"none",TRUE,62.7791745494206,65.5210107669991
"dropout","pca_log","angle_pc2",1,TRUE,FALSE,"none",TRUE,63.7151460025019,67.0298972675593
"dropout","pca_log","angle_pc3",0.5,FALSE,FALSE,"none",TRUE,65.7221640507956,68.2669331686441
"separability","pca_raw","angle_pc1",1,TRUE,FALSE,"high",TRUE,50.7633503553361,53.5665674941492
"separability","pca_raw","angle_pc2",1,TRUE,FALSE,"high",TRUE,37.7045561873962,58.0442760390927
"separability","pca_raw","angle_pc3",1,TRUE,FALSE,"high",TRUE,47.2906224187409,69.3898686072206
"separability","pca_glmpca","angle_pc1",1,TRUE,FALSE,"high",TRUE,71.8647354050211,79.2786451978289
"separability","pca_glmpca","angle_pc2",1,TRUE,FALSE,"high",TRUE,73.2160730923117,79.9232788972067
"separability","pca_glmpca","angle_pc3",1,TRUE,FALSE,"high",TRUE,73.7614422602974,80.5475014446671
"separability","pca_libnorm","angle_pc1",1,TRUE,FALSE,"high",TRUE,35.244498642421,62.6235446524534
"separability","pca_libnorm","angle_pc2",1,TRUE,FALSE,"high",TRUE,39.6196341082792,64.860337147597
"separability","pca_libnorm","angle_pc3",1,TRUE,FALSE,"high",TRUE,50.2509697742045,67.6311473448071
"separability","pca_sctransform_v2","angle_pc1",1,TRUE,FALSE,"high",TRUE,57.8062380196019,74.688454732458
"separability","pca_sctransform_v2","angle_pc2",1,TRUE,FALSE,"high",TRUE,59.1382700406793,79.1452709765368
"separability","pca_sctransform_v2","angle_pc3",1,TRUE,FALSE,"high",TRUE,62.6378344950846,78.6860400556616
"separability","pca_shiftedlog","angle_pc1",1,TRUE,FALSE,"high",TRUE,44.2487730777055,71.7250889750032
"separability","pca_shiftedlog","angle_pc2",1,TRUE,FALSE,"high",TRUE,47.5180534148423,70.5250572609657
"separability","pca_shiftedlog","angle_pc3",1,TRUE,FALSE,"high",TRUE,52.5288765077292,70.870084900523
"separability","pca_log","angle_pc1",1,TRUE,FALSE,"high",TRUE,53.3221343630847,75.9079747479493
"separability","pca_log","angle_pc2",1,TRUE,FALSE,"high",TRUE,55.9102916912625,75.2009121767471
"separability","pca_log","angle_pc3",1,TRUE,FALSE,"high",TRUE,58.3353773393597,75.8073218116559
"batch","pca_raw","angle_pc1",1,TRUE,FALSE,"none",TRUE,50.5570976623988,55.8687761519832
"batch","pca_raw","angle_pc2",1,TRUE,FALSE,"none",TRUE,44.3863497799981,51.1978184529085
"batch","pca_raw","angle_pc3",1,TRUE,FALSE,"none",TRUE,56.1470005081967,60.6874842581847
"batch","pca_glmpca","angle_pc1",1,TRUE,FALSE,"none",TRUE,72.1126634088749,78.258798581089
"batch","pca_glmpca","angle_pc2",1,TRUE,FALSE,"none",TRUE,74.391108916178,78.3933171962588
"batch","pca_glmpca","angle_pc3",0.5,FALSE,FALSE,"none",TRUE,75.4528972281636,78.0396375808091
"batch","pca_libnorm","angle_pc1",1,TRUE,FALSE,"none",TRUE,45.4381461857402,50.8641570719724
"batch","pca_libnorm","angle_pc2",1,TRUE,FALSE,"none",TRUE,50.0916724656101,55.9224321215197
"batch","pca_libnorm","angle_pc3",0.5,FALSE,FALSE,"none",TRUE,57.1443695213104,58.6756661313905
"batch","pca_sctransform_v2","angle_pc1",1,TRUE,FALSE,"none",TRUE,62.0464183356488,66.5728413070488
"batch","pca_sctransform_v2","angle_pc2",0.5,FALSE,FALSE,"none",TRUE,66.1416633314839,68.8948304979804
"batch","pca_sctransform_v2","angle_pc3",-0.5,FALSE,FALSE,"none",TRUE,68.1881515425628,70.2163551445786
"batch","pca_shiftedlog","angle_pc1",1,TRUE,FALSE,"none",TRUE,51.2970528445792,61.9709700797765
"batch","pca_shiftedlog","angle_pc2",1,TRUE,FALSE,"none",TRUE,55.8277856385672,63.6775041589644
"batch","pca_shiftedlog","angle_pc3",0.5,FALSE,FALSE,"none",TRUE,61.3203122913184,61.6717171462726
"batch","pca_log","angle_pc1",1,TRUE,FALSE,"none",TRUE,60.1692403143109,67.7290956166126
"batch","pca_log","angle_pc2",1,TRUE,FALSE,"none",TRUE,62.0180296444218,68.1851655966995
"batch","pca_log","angle_pc3",1,TRUE,FALSE,"none",TRUE,65.1969213086006,67.954754397131
