"method","source","run_id","replicate","sparsity","n_cells","embedding_dim","ari_vs_random","ch_index","ch_noise_95pct","phantom_flag_ari","phantom_flag_ch_literal","phantom_flag_ch_relative","phantom_flag_any_relative","status","error_msg"
"pca_raw","splatter",10936,1,0.7,1000,50,0.00128520694697656,86.5364150180552,18.2277063849438,FALSE,TRUE,TRUE,TRUE,"ok",NA
"pca_raw","splatter",10936,2,0.7,1000,50,0.00130077483930157,90.8782817444664,18.2277063849438,FALSE,TRUE,TRUE,TRUE,"ok",NA
"pca_raw","splatter",10936,3,0.7,1000,50,-0.000836529952428051,90.9104054483159,18.2277063849438,FALSE,TRUE,TRUE,TRUE,"ok",NA
"pca_raw","splatter",10937,1,0.8,1000,50,-0.000904077355932504,61.2904594611401,18.2277063849438,FALSE,TRUE,TRUE,TRUE,"ok",NA
"pca_raw","splatter",10937,2,0.8,1000,50,0.00107382918427437,55.7981594867824,18.2277063849438,FALSE,TRUE,TRUE,TRUE,"ok",NA
"pca_raw","splatter",10937,3,0.8,1000,50,-0.00159316942693831,54.4837836820563,18.2277063849438,FALSE,TRUE,TRUE,TRUE,"ok",NA
"pca_raw","splatter",10938,1,0.9,1000,50,0.000504816310052361,64.5559605840549,18.2277063849438,FALSE,TRUE,TRUE,TRUE,"ok",NA
"pca_raw","splatter",10938,2,0.9,1000,50,-2.13030024833963e-05,36.0649665098386,18.2277063849438,FALSE,TRUE,TRUE,TRUE,"ok",NA
"pca_raw","splatter",10938,3,0.9,1000,50,-0.000743233255502437,49.9755270786245,18.2277063849438,FALSE,TRUE,TRUE,TRUE,"ok",NA
"pca_raw","splatter",10939,1,0.95,1000,50,-0.000457741752286581,25.4573352429145,18.2277063849438,FALSE,TRUE,TRUE,TRUE,"ok",NA
"pca_raw","splatter",10939,2,0.95,1000,50,-0.000242758202380272,25.8874916180158,18.2277063849438,FALSE,TRUE,TRUE,TRUE,"ok",NA
"pca_raw","splatter",10939,3,0.95,1000,50,0.000699433949438806,44.8288401794835,18.2277063849438,FALSE,TRUE,TRUE,TRUE,"ok",NA
"pca_raw","splatter",10940,1,0.98,1000,50,0.000149160997936703,34.8177032924979,18.2277063849438,FALSE,TRUE,TRUE,TRUE,"ok",NA
"pca_raw","splatter",10940,2,0.98,1000,50,0.000219912000487315,53.8832975217617,18.2277063849438,FALSE,TRUE,TRUE,TRUE,"ok",NA
"pca_raw","splatter",10940,3,0.98,1000,50,-0.000198237222821399,37.5386363602937,18.2277063849438,FALSE,TRUE,TRUE,TRUE,"ok",NA
"pca_raw","scdesign3",10936,1,0.7,1000,50,-0.000220854058036401,244.641205228485,18.2277063849438,FALSE,TRUE,TRUE,TRUE,"ok",NA
"pca_raw","scdesign3",10936,2,0.7,1000,50,5.99937471512919e-05,282.564859335084,18.2277063849438,FALSE,TRUE,TRUE,TRUE,"ok",NA
"pca_raw","scdesign3",10936,3,0.7,1000,50,-0.000216053220686389,278.290714842663,18.2277063849438,FALSE,TRUE,TRUE,TRUE,"ok",NA
"pca_raw","scdesign3",10937,1,0.8,1000,50,-0.00106661567091281,163.543388227786,18.2277063849438,FALSE,TRUE,TRUE,TRUE,"ok",NA
"pca_raw","scdesign3",10937,2,0.8,1000,50,-0.000753584888673544,183.848479627001,18.2277063849438,FALSE,TRUE,TRUE,TRUE,"ok",NA
"pca_raw","scdesign3",10937,3,0.8,1000,50,0.00342547904752417,179.330104068296,18.2277063849438,FALSE,TRUE,TRUE,TRUE,"ok",NA
"pca_raw","scdesign3",10938,1,0.9,1000,50,0.00129450476437265,163.964157689528,18.2277063849438,FALSE,TRUE,TRUE,TRUE,"ok",NA
"pca_raw","scdesign3",10938,2,0.9,1000,50,-0.00149895032065069,180.171367288735,18.2277063849438,FALSE,TRUE,TRUE,TRUE,"ok",NA
"pca_raw","scdesign3",10938,3,0.9,1000,50,0.000857633319478049,173.882633646305,18.2277063849438,FALSE,TRUE,TRUE,TRUE,"ok",NA
"pca_raw","scdesign3",10939,1,0.95,1000,50,-0.00106240253863791,175.717631187259,18.2277063849438,FALSE,TRUE,TRUE,TRUE,"ok",NA
"pca_raw","scdesign3",10939,2,0.95,1000,50,0.00196665054429914,207.431522387599,18.2277063849438,FALSE,TRUE,TRUE,TRUE,"ok",NA
"pca_raw","scdesign3",10939,3,0.95,1000,50,-0.000275488394616584,174.083058854226,18.2277063849438,FALSE,TRUE,TRUE,TRUE,"ok",NA
"pca_raw","scdesign3",10940,1,0.98,1000,50,-0.000564496334145517,215.959677193429,18.2277063849438,FALSE,TRUE,TRUE,TRUE,"ok",NA
"pca_raw","scdesign3",10940,2,0.98,1000,50,-0.00137747597265295,218.178258828335,18.2277063849438,FALSE,TRUE,TRUE,TRUE,"ok",NA
"pca_raw","scdesign3",10940,3,0.98,1000,50,-0.00184420271017959,201.088703102382,18.2277063849438,FALSE,TRUE,TRUE,TRUE,"ok",NA
"pca_raw","symsim",10936,1,0.7,1000,50,-0.000979267321226808,280.133327788806,18.2277063849438,FALSE,TRUE,TRUE,TRUE,"ok",NA
"pca_raw","symsim",10936,2,0.7,1000,50,0.000762169700307995,323.205079270976,18.2277063849438,FALSE,TRUE,TRUE,TRUE,"ok",NA
"pca_raw","symsim",10936,3,0.7,1000,50,0.000649188094554793,307.151781817821,18.2277063849438,FALSE,TRUE,TRUE,TRUE,"ok",NA
"pca_raw","symsim",10937,1,0.8,1000,50,0.000178801153846623,261.37322512376,18.2277063849438,FALSE,TRUE,TRUE,TRUE,"ok",NA
"pca_raw","symsim",10937,2,0.8,1000,50,0.00360691050734972,261.601916056181,18.2277063849438,FALSE,TRUE,TRUE,TRUE,"ok",NA
"pca_raw","symsim",10937,3,0.8,1000,50,0.00176142589229158,254.935236699841,18.2277063849438,FALSE,TRUE,TRUE,TRUE,"ok",NA
"pca_raw","symsim",10938,1,0.9,1000,50,0.00106591156189114,326.563051234247,18.2277063849438,FALSE,TRUE,TRUE,TRUE,"ok",NA
"pca_raw","symsim",10938,2,0.9,1000,50,0.000922162257786604,245.011937698795,18.2277063849438,FALSE,TRUE,TRUE,TRUE,"ok",NA
"pca_raw","symsim",10938,3,0.9,1000,50,0.00136145849566451,285.120395428333,18.2277063849438,FALSE,TRUE,TRUE,TRUE,"ok",NA
"pca_raw","symsim",10939,1,0.95,1000,50,-0.00105236172904135,399.021070476512,18.2277063849438,FALSE,TRUE,TRUE,TRUE,"ok",NA
"pca_raw","symsim",10939,2,0.95,1000,50,-0.0011620755859382,302.274531035787,18.2277063849438,FALSE,TRUE,TRUE,TRUE,"ok",NA
"pca_raw","symsim",10939,3,0.95,1000,50,0.000255920218353285,339.759471124532,18.2277063849438,FALSE,TRUE,TRUE,TRUE,"ok",NA
"pca_raw","symsim",10940,1,0.98,1000,50,-0.000296932949083949,480.277431099923,18.2277063849438,FALSE,TRUE,TRUE,TRUE,"ok",NA
"pca_raw","symsim",10940,2,0.98,1000,50,0.00212077027574567,406.748556739984,18.2277063849438,FALSE,TRUE,TRUE,TRUE,"ok",NA
"pca_raw","symsim",10940,3,0.98,1000,50,-0.00111423476757098,418.896273728901,18.2277063849438,FALSE,TRUE,TRUE,TRUE,"ok",NA
"pca_libnorm","splatter",10936,1,0.7,1000,30,-0.000961882644983326,28.2933647699351,27.7877163071996,FALSE,TRUE,TRUE,TRUE,"ok",NA
"pca_libnorm","splatter",10936,2,0.7,1000,30,-0.000539813982361492,29.6018943196483,27.7877163071996,FALSE,TRUE,TRUE,TRUE,"ok",NA
"pca_libnorm","splatter",10936,3,0.7,1000,30,-0.0014044579197151,26.5807362530964,27.7877163071996,FALSE,TRUE,FALSE,FALSE,"ok",NA
"pca_libnorm","splatter",10937,1,0.8,1000,30,-0.00176156991646322,40.2322257737026,27.7877163071996,FALSE,TRUE,TRUE,TRUE,"ok",NA
"pca_libnorm","splatter",10937,2,0.8,1000,30,-0.000514875818486256,31.0475244551443,27.7877163071996,FALSE,TRUE,TRUE,TRUE,"ok",NA
"pca_libnorm","splatter",10937,3,0.8,1000,30,-0.00122671388519024,33.258771496994,27.7877163071996,FALSE,TRUE,TRUE,TRUE,"ok",NA
"pca_libnorm","splatter",10938,1,0.9,1000,30,0.00203692759453643,80.3357373911368,27.7877163071996,FALSE,TRUE,TRUE,TRUE,"ok",NA
"pca_libnorm","splatter",10938,2,0.9,1000,30,-0.000179095936250817,50.248561134294,27.7877163071996,FALSE,TRUE,TRUE,TRUE,"ok",NA
"pca_libnorm","splatter",10938,3,0.9,1000,30,0.000180378492267376,64.5616794211715,27.7877163071996,FALSE,TRUE,TRUE,TRUE,"ok",NA
"pca_libnorm","splatter",10939,1,0.95,1000,30,-0.000171544199507392,40.5236865725333,27.7877163071996,FALSE,TRUE,TRUE,TRUE,"ok",NA
"pca_libnorm","splatter",10939,2,0.95,1000,30,-9.90824255464873e-05,37.7140850699604,27.7877163071996,FALSE,TRUE,TRUE,TRUE,"ok",NA
"pca_libnorm","splatter",10939,3,0.95,1000,30,-0.00106066684016454,57.121471168611,27.7877163071996,FALSE,TRUE,TRUE,TRUE,"ok",NA
"pca_libnorm","splatter",10940,1,0.98,1000,30,0.000285067621219664,48.4427797462459,27.7877163071996,FALSE,TRUE,TRUE,TRUE,"ok",NA
"pca_libnorm","splatter",10940,2,0.98,1000,30,-0.000111855196906944,66.9553821970401,27.7877163071996,FALSE,TRUE,TRUE,TRUE,"ok",NA
"pca_libnorm","splatter",10940,3,0.98,1000,30,0.000896450840980596,54.1145666340861,27.7877163071996,FALSE,TRUE,TRUE,TRUE,"ok",NA
"pca_libnorm","scdesign3",10936,1,0.7,1000,30,-0.000706455861758923,212.091829890035,27.7877163071996,FALSE,TRUE,TRUE,TRUE,"ok",NA
"pca_libnorm","scdesign3",10936,2,0.7,1000,30,-0.00131288382122296,229.257995142986,27.7877163071996,FALSE,TRUE,TRUE,TRUE,"ok",NA
"pca_libnorm","scdesign3",10936,3,0.7,1000,30,-0.000962976339264589,233.557989447114,27.7877163071996,FALSE,TRUE,TRUE,TRUE,"ok",NA
"pca_libnorm","scdesign3",10937,1,0.8,1000,30,0.00217506825033847,196.160986114235,27.7877163071996,FALSE,TRUE,TRUE,TRUE,"ok",NA
"pca_libnorm","scdesign3",10937,2,0.8,1000,30,-0.000700194209315026,228.201411878292,27.7877163071996,FALSE,TRUE,TRUE,TRUE,"ok",NA
"pca_libnorm","scdesign3",10937,3,0.8,1000,30,0.00598726244721001,218.767465109679,27.7877163071996,FALSE,TRUE,TRUE,TRUE,"ok",NA
"pca_libnorm","scdesign3",10938,1,0.9,1000,30,-0.00056723030879764,215.164126299515,27.7877163071996,FALSE,TRUE,TRUE,TRUE,"ok",NA
"pca_libnorm","scdesign3",10938,2,0.9,1000,30,-0.00136421697051457,233.906535705305,27.7877163071996,FALSE,TRUE,TRUE,TRUE,"ok",NA
"pca_libnorm","scdesign3",10938,3,0.9,1000,30,0.00105967912321407,222.951143534374,27.7877163071996,FALSE,TRUE,TRUE,TRUE,"ok",NA
"pca_libnorm","scdesign3",10939,1,0.95,1000,30,-0.000879200029583721,216.071616540677,27.7877163071996,FALSE,TRUE,TRUE,TRUE,"ok",NA
"pca_libnorm","scdesign3",10939,2,0.95,1000,30,0.00193442763703573,237.323723931519,27.7877163071996,FALSE,TRUE,TRUE,TRUE,"ok",NA
"pca_libnorm","scdesign3",10939,3,0.95,1000,30,-0.00116966521228031,216.845199119838,27.7877163071996,FALSE,TRUE,TRUE,TRUE,"ok",NA
"pca_libnorm","scdesign3",10940,1,0.98,1000,30,-0.00117189790461239,222.218523451603,27.7877163071996,FALSE,TRUE,TRUE,TRUE,"ok",NA
"pca_libnorm","scdesign3",10940,2,0.98,1000,30,-0.00103826602796724,221.246675713879,27.7877163071996,FALSE,TRUE,TRUE,TRUE,"ok",NA
"pca_libnorm","scdesign3",10940,3,0.98,1000,30,-0.00184568232962887,215.372615955811,27.7877163071996,FALSE,TRUE,TRUE,TRUE,"ok",NA
"pca_libnorm","symsim",10936,1,0.7,1000,30,0.000302871249681666,298.281278797661,27.7877163071996,FALSE,TRUE,TRUE,TRUE,"ok",NA
"pca_libnorm","symsim",10936,2,0.7,1000,30,0.000776320151847074,312.005292456936,27.7877163071996,FALSE,TRUE,TRUE,TRUE,"ok",NA
"pca_libnorm","symsim",10936,3,0.7,1000,30,-0.000194370348918744,321.493922848211,27.7877163071996,FALSE,TRUE,TRUE,TRUE,"ok",NA
"pca_libnorm","symsim",10937,1,0.8,1000,30,0.000681414167467692,269.727142907047,27.7877163071996,FALSE,TRUE,TRUE,TRUE,"ok",NA
"pca_libnorm","symsim",10937,2,0.8,1000,30,0.00051097400628387,234.679481219014,27.7877163071996,FALSE,TRUE,TRUE,TRUE,"ok",NA
"pca_libnorm","symsim",10937,3,0.8,1000,30,0.0024259717850842,259.973428006528,27.7877163071996,FALSE,TRUE,TRUE,TRUE,"ok",NA
"pca_libnorm","symsim",10938,1,0.9,1000,30,-0.00146912808981784,319.424108037594,27.7877163071996,FALSE,TRUE,TRUE,TRUE,"ok",NA
"pca_libnorm","symsim",10938,2,0.9,1000,30,0.00220249223534681,273.38635571923,27.7877163071996,FALSE,TRUE,TRUE,TRUE,"ok",NA
"pca_libnorm","symsim",10938,3,0.9,1000,30,0.00276940857154722,290.105970848127,27.7877163071996,FALSE,TRUE,TRUE,TRUE,"ok",NA
"pca_libnorm","symsim",10939,1,0.95,1000,30,-0.00168236316339662,401.992796834549,27.7877163071996,FALSE,TRUE,TRUE,TRUE,"ok",NA
"pca_libnorm","symsim",10939,2,0.95,1000,30,-0.00155415212415584,343.241889667714,27.7877163071996,FALSE,TRUE,TRUE,TRUE,"ok",NA
"pca_libnorm","symsim",10939,3,0.95,1000,30,0.000992667073042437,341.214255313724,27.7877163071996,FALSE,TRUE,TRUE,TRUE,"ok",NA
"pca_libnorm","symsim",10940,1,0.98,1000,30,-0.000502921300170186,401.700112368696,27.7877163071996,FALSE,TRUE,TRUE,TRUE,"ok",NA
"pca_libnorm","symsim",10940,2,0.98,1000,30,0.00176329610658725,408.506277494203,27.7877163071996,FALSE,TRUE,TRUE,TRUE,"ok",NA
"pca_libnorm","symsim",10940,3,0.98,1000,30,-0.000671041631070409,364.120116250035,27.7877163071996,FALSE,TRUE,TRUE,TRUE,"ok",NA
"pca_log","splatter",10936,1,0.7,1000,30,0.00496131455208269,30.3738786483185,27.7877163071996,FALSE,TRUE,TRUE,TRUE,"ok",NA
"pca_log","splatter",10936,2,0.7,1000,30,-0.000291905045937203,30.6699766995554,27.7877163071996,FALSE,TRUE,TRUE,TRUE,"ok",NA
"pca_log","splatter",10936,3,0.7,1000,30,-0.000790124411107398,31.0527332045555,27.7877163071996,FALSE,TRUE,TRUE,TRUE,"ok",NA
"pca_log","splatter",10937,1,0.8,1000,30,-0.0011411326793439,28.7553305164109,27.7877163071996,FALSE,TRUE,TRUE,TRUE,"ok",NA
"pca_log","splatter",10937,2,0.8,1000,30,0.000171060904008274,28.6486260330252,27.7877163071996,FALSE,TRUE,TRUE,TRUE,"ok",NA
"pca_log","splatter",10937,3,0.8,1000,30,-0.000565399405246049,28.061759854105,27.7877163071996,FALSE,TRUE,TRUE,TRUE,"ok",NA
"pca_log","splatter",10938,1,0.9,1000,30,0.00234860622975907,24.5422965766115,27.7877163071996,FALSE,TRUE,FALSE,FALSE,"ok",NA
"pca_log","splatter",10938,2,0.9,1000,30,-0.000182400769054998,25.131735168508,27.7877163071996,FALSE,TRUE,FALSE,FALSE,"ok",NA
"pca_log","splatter",10938,3,0.9,1000,30,-0.000116412849317984,24.2545252501759,27.7877163071996,FALSE,TRUE,FALSE,FALSE,"ok",NA
"pca_log","splatter",10939,1,0.95,1000,30,0.00081114955020464,23.576357811544,27.7877163071996,FALSE,TRUE,FALSE,FALSE,"ok",NA
"pca_log","splatter",10939,2,0.95,1000,30,0.000830697640282749,23.2294078386151,27.7877163071996,FALSE,TRUE,FALSE,FALSE,"ok",NA
"pca_log","splatter",10939,3,0.95,1000,30,-0.000371586458982376,23.5074318517537,27.7877163071996,FALSE,TRUE,FALSE,FALSE,"ok",NA
"pca_log","splatter",10940,1,0.98,1000,30,0.00157816525915205,23.7632808296829,27.7877163071996,FALSE,TRUE,FALSE,FALSE,"ok",NA
"pca_log","splatter",10940,2,0.98,1000,30,-0.00100670141088237,25.1934396656928,27.7877163071996,FALSE,TRUE,FALSE,FALSE,"ok",NA
"pca_log","splatter",10940,3,0.98,1000,30,-0.000858773638634392,24.3880428601545,27.7877163071996,FALSE,TRUE,FALSE,FALSE,"ok",NA
"pca_log","scdesign3",10936,1,0.7,1000,30,0.000616854753565054,44.1222324282212,27.7877163071996,FALSE,TRUE,TRUE,TRUE,"ok",NA
"pca_log","scdesign3",10936,2,0.7,1000,30,-0.00148317071511152,42.0144411752927,27.7877163071996,FALSE,TRUE,TRUE,TRUE,"ok",NA
"pca_log","scdesign3",10936,3,0.7,1000,30,0.00271722234004764,40.459640653808,27.7877163071996,FALSE,TRUE,TRUE,TRUE,"ok",NA
"pca_log","scdesign3",10937,1,0.8,1000,30,-0.000203446346703899,37.4640459688782,27.7877163071996,FALSE,TRUE,TRUE,TRUE,"ok",NA
"pca_log","scdesign3",10937,2,0.8,1000,30,0.00102158365604728,39.6946271669235,27.7877163071996,FALSE,TRUE,TRUE,TRUE,"ok",NA
"pca_log","scdesign3",10937,3,0.8,1000,30,0.000960972506198703,37.9984902582943,27.7877163071996,FALSE,TRUE,TRUE,TRUE,"ok",NA
"pca_log","scdesign3",10938,1,0.9,1000,30,-0.000605961178187564,37.3256506723773,27.7877163071996,FALSE,TRUE,TRUE,TRUE,"ok",NA
"pca_log","scdesign3",10938,2,0.9,1000,30,-5.63084721093681e-05,37.8771587696593,27.7877163071996,FALSE,TRUE,TRUE,TRUE,"ok",NA
"pca_log","scdesign3",10938,3,0.9,1000,30,-0.00104383646722096,37.9781868978737,27.7877163071996,FALSE,TRUE,TRUE,TRUE,"ok",NA
"pca_log","scdesign3",10939,1,0.95,1000,30,-0.00108768299425456,36.9508963936665,27.7877163071996,FALSE,TRUE,TRUE,TRUE,"ok",NA
"pca_log","scdesign3",10939,2,0.95,1000,30,0.001586133303655,36.9219727492931,27.7877163071996,FALSE,TRUE,TRUE,TRUE,"ok",NA
"pca_log","scdesign3",10939,3,0.95,1000,30,-0.00117624916651304,36.356040818472,27.7877163071996,FALSE,TRUE,TRUE,TRUE,"ok",NA
"pca_log","scdesign3",10940,1,0.98,1000,30,-0.000856552166586115,41.2650977166789,27.7877163071996,FALSE,TRUE,TRUE,TRUE,"ok",NA
"pca_log","scdesign3",10940,2,0.98,1000,30,-0.000297395394323452,40.094001774961,27.7877163071996,FALSE,TRUE,TRUE,TRUE,"ok",NA
"pca_log","scdesign3",10940,3,0.98,1000,30,-0.00171033731378334,39.4735544303123,27.7877163071996,FALSE,TRUE,TRUE,TRUE,"ok",NA
"pca_log","symsim",10936,1,0.7,1000,30,0.000355926210416082,38.2621034189344,27.7877163071996,FALSE,TRUE,TRUE,TRUE,"ok",NA
"pca_log","symsim",10936,2,0.7,1000,30,0.00182606274640915,46.8926131767066,27.7877163071996,FALSE,TRUE,TRUE,TRUE,"ok",NA
"pca_log","symsim",10936,3,0.7,1000,30,-0.00103021396605235,38.6260406237393,27.7877163071996,FALSE,TRUE,TRUE,TRUE,"ok",NA
"pca_log","symsim",10937,1,0.8,1000,30,0.00152886399271771,34.8625558938269,27.7877163071996,FALSE,TRUE,TRUE,TRUE,"ok",NA
"pca_log","symsim",10937,2,0.8,1000,30,0.000351024580447182,44.7250197862671,27.7877163071996,FALSE,TRUE,TRUE,TRUE,"ok",NA
"pca_log","symsim",10937,3,0.8,1000,30,-0.000180050523755081,36.1332031998584,27.7877163071996,FALSE,TRUE,TRUE,TRUE,"ok",NA
"pca_log","symsim",10938,1,0.9,1000,30,0.000124377689299661,44.3079150797494,27.7877163071996,FALSE,TRUE,TRUE,TRUE,"ok",NA
"pca_log","symsim",10938,2,0.9,1000,30,-0.00105398467214093,46.3995843538092,27.7877163071996,FALSE,TRUE,TRUE,TRUE,"ok",NA
"pca_log","symsim",10938,3,0.9,1000,30,0.000634156463097816,44.2976523577289,27.7877163071996,FALSE,TRUE,TRUE,TRUE,"ok",NA
"pca_log","symsim",10939,1,0.95,1000,30,-0.00134379845414761,45.1725860164647,27.7877163071996,FALSE,TRUE,TRUE,TRUE,"ok",NA
"pca_log","symsim",10939,2,0.95,1000,30,-0.000868923262151446,46.4475761296134,27.7877163071996,FALSE,TRUE,TRUE,TRUE,"ok",NA
"pca_log","symsim",10939,3,0.95,1000,30,0.000565702172111207,44.2622733328027,27.7877163071996,FALSE,TRUE,TRUE,TRUE,"ok",NA
"pca_log","symsim",10940,1,0.98,1000,30,0.000325254296380407,47.9002490704618,27.7877163071996,FALSE,TRUE,TRUE,TRUE,"ok",NA
"pca_log","symsim",10940,2,0.98,1000,30,0.000966587483709921,49.6118974074928,27.7877163071996,FALSE,TRUE,TRUE,TRUE,"ok",NA
"pca_log","symsim",10940,3,0.98,1000,30,0.000340831640112648,48.5164030093551,27.7877163071996,FALSE,TRUE,TRUE,TRUE,"ok",NA
"pca_shiftedlog","splatter",10936,2,0.7,1000,30,-0.00123199562179338,22.6207051894957,27.7877163071996,FALSE,TRUE,FALSE,FALSE,"ok",NA
"pca_shiftedlog","splatter",10936,3,0.7,1000,30,-0.000302034794459193,22.513476715071,27.7877163071996,FALSE,TRUE,FALSE,FALSE,"ok",NA
"pca_shiftedlog","splatter",10936,1,0.7,1000,30,-0.000771626244420516,22.573070080687,27.7877163071996,FALSE,TRUE,FALSE,FALSE,"ok",NA
"pca_shiftedlog","splatter",10937,2,0.8,1000,30,0.000991110823265754,22.5799643507553,27.7877163071996,FALSE,TRUE,FALSE,FALSE,"ok",NA
"pca_shiftedlog","splatter",10937,3,0.8,1000,30,-0.000244482158596187,22.7255619702979,27.7877163071996,FALSE,TRUE,FALSE,FALSE,"ok",NA
"pca_shiftedlog","splatter",10937,1,0.8,1000,30,0.00102163001133269,22.6020226957553,27.7877163071996,FALSE,TRUE,FALSE,FALSE,"ok",NA
"pca_shiftedlog","splatter",10938,2,0.9,1000,30,0.000571297640778589,23.6352583579346,27.7877163071996,FALSE,TRUE,FALSE,FALSE,"ok",NA
"pca_shiftedlog","splatter",10938,3,0.9,1000,30,0.000591399072226422,24.5615477826114,27.7877163071996,FALSE,TRUE,FALSE,FALSE,"ok",NA
"pca_shiftedlog","splatter",10938,1,0.9,1000,30,0.00071760885742517,25.1699820427685,27.7877163071996,FALSE,TRUE,FALSE,FALSE,"ok",NA
"pca_shiftedlog","splatter",10939,2,0.95,1000,30,-0.000704832344136155,25.1223889804656,27.7877163071996,FALSE,TRUE,FALSE,FALSE,"ok",NA
"pca_shiftedlog","splatter",10939,3,0.95,1000,30,0.000713627883323724,27.4770555518977,27.7877163071996,FALSE,TRUE,FALSE,FALSE,"ok",NA
"pca_shiftedlog","splatter",10939,1,0.95,1000,30,-0.00125224393004537,24.2364111832901,27.7877163071996,FALSE,TRUE,FALSE,FALSE,"ok",NA
"pca_shiftedlog","splatter",10940,2,0.98,1000,30,-0.00146244510818515,29.6424543987329,27.7877163071996,FALSE,TRUE,TRUE,TRUE,"ok",NA
"pca_shiftedlog","splatter",10940,3,0.98,1000,30,0.0020904270256205,29.529664086075,27.7877163071996,FALSE,TRUE,TRUE,TRUE,"ok",NA
"pca_shiftedlog","splatter",10940,1,0.98,1000,30,-1.1051385085768e-05,27.0528388511973,27.7877163071996,FALSE,TRUE,FALSE,FALSE,"ok",NA
"pca_shiftedlog","scdesign3",10936,2,0.7,1000,30,0.00218177826258861,59.3946236328039,27.7877163071996,FALSE,TRUE,TRUE,TRUE,"ok",NA
"pca_shiftedlog","scdesign3",10936,3,0.7,1000,30,-0.000206943962014726,57.5202375637819,27.7877163071996,FALSE,TRUE,TRUE,TRUE,"ok",NA
"pca_shiftedlog","scdesign3",10936,1,0.7,1000,30,-0.00127299523388361,63.0767229134718,27.7877163071996,FALSE,TRUE,TRUE,TRUE,"ok",NA
"pca_shiftedlog","scdesign3",10937,2,0.8,1000,30,0.00336412925793609,53.9162173940046,27.7877163071996,FALSE,TRUE,TRUE,TRUE,"ok",NA
"pca_shiftedlog","scdesign3",10937,3,0.8,1000,30,0.000138271619019115,52.3143031844246,27.7877163071996,FALSE,TRUE,TRUE,TRUE,"ok",NA
"pca_shiftedlog","scdesign3",10937,1,0.8,1000,30,-0.000701711542469599,48.3242396385128,27.7877163071996,FALSE,TRUE,TRUE,TRUE,"ok",NA
"pca_shiftedlog","scdesign3",10938,2,0.9,1000,30,-0.00107089191582394,54.9786870355877,27.7877163071996,FALSE,TRUE,TRUE,TRUE,"ok",NA
"pca_shiftedlog","scdesign3",10938,3,0.9,1000,30,-0.00104383646722096,54.7378788849794,27.7877163071996,FALSE,TRUE,TRUE,TRUE,"ok",NA
"pca_shiftedlog","scdesign3",10938,1,0.9,1000,30,-0.000469516308897921,53.9327534375986,27.7877163071996,FALSE,TRUE,TRUE,TRUE,"ok",NA
"pca_shiftedlog","scdesign3",10939,2,0.95,1000,30,0.00148888226015032,55.1838431698371,27.7877163071996,FALSE,TRUE,TRUE,TRUE,"ok",NA
"pca_shiftedlog","scdesign3",10939,3,0.95,1000,30,-0.00117624916651304,54.0491365407335,27.7877163071996,FALSE,TRUE,TRUE,TRUE,"ok",NA
"pca_shiftedlog","scdesign3",10939,1,0.95,1000,30,-0.00121256918225284,54.9537534645735,27.7877163071996,FALSE,TRUE,TRUE,TRUE,"ok",NA
"pca_shiftedlog","scdesign3",10940,2,0.98,1000,30,-0.000297395394323452,60.3109450150567,27.7877163071996,FALSE,TRUE,TRUE,TRUE,"ok",NA
"pca_shiftedlog","scdesign3",10940,3,0.98,1000,30,-0.00163967972411171,59.7356947848103,27.7877163071996,FALSE,TRUE,TRUE,TRUE,"ok",NA
"pca_shiftedlog","scdesign3",10940,1,0.98,1000,30,-0.000856552166586115,62.751050165178,27.7877163071996,FALSE,TRUE,TRUE,TRUE,"ok",NA
"pca_shiftedlog","symsim",10936,2,0.7,1000,30,0.00441193086427467,51.9379507962145,27.7877163071996,FALSE,TRUE,TRUE,TRUE,"ok",NA
"pca_shiftedlog","symsim",10936,3,0.7,1000,30,-0.00105212526958413,48.5265249880242,27.7877163071996,FALSE,TRUE,TRUE,TRUE,"ok",NA
"pca_shiftedlog","symsim",10936,1,0.7,1000,30,-0.00141597517374969,51.064729623949,27.7877163071996,FALSE,TRUE,TRUE,TRUE,"ok",NA
"pca_shiftedlog","symsim",10937,2,0.8,1000,30,-0.000186500810486615,62.9073007678056,27.7877163071996,FALSE,TRUE,TRUE,TRUE,"ok",NA
"pca_shiftedlog","symsim",10937,3,0.8,1000,30,0.000410264133023907,53.357266342462,27.7877163071996,FALSE,TRUE,TRUE,TRUE,"ok",NA
"pca_shiftedlog","symsim",10937,1,0.8,1000,30,0.00186728337280506,53.4291418898735,27.7877163071996,FALSE,TRUE,TRUE,TRUE,"ok",NA
"pca_shiftedlog","symsim",10938,2,0.9,1000,30,-0.00104746222984988,74.9022171200974,27.7877163071996,FALSE,TRUE,TRUE,TRUE,"ok",NA
"pca_shiftedlog","symsim",10938,3,0.9,1000,30,0.000634156463097816,65.7737923690751,27.7877163071996,FALSE,TRUE,TRUE,TRUE,"ok",NA
"pca_shiftedlog","symsim",10938,1,0.9,1000,30,7.99245714654062e-05,69.4323304573712,27.7877163071996,FALSE,TRUE,TRUE,TRUE,"ok",NA
"pca_shiftedlog","symsim",10939,2,0.95,1000,30,-0.000891882713014479,77.8577695276365,27.7877163071996,FALSE,TRUE,TRUE,TRUE,"ok",NA
"pca_shiftedlog","symsim",10939,3,0.95,1000,30,0.000736697209239678,67.1557277518462,27.7877163071996,FALSE,TRUE,TRUE,TRUE,"ok",NA
"pca_shiftedlog","symsim",10939,1,0.95,1000,30,-0.00124199135932937,73.770344602077,27.7877163071996,FALSE,TRUE,TRUE,TRUE,"ok",NA
"pca_shiftedlog","symsim",10940,2,0.98,1000,30,0.00100316608706353,88.512632959324,27.7877163071996,FALSE,TRUE,TRUE,TRUE,"ok",NA
"pca_shiftedlog","symsim",10940,3,0.98,1000,30,0.000454590823868581,79.0444071939924,27.7877163071996,FALSE,TRUE,TRUE,TRUE,"ok",NA
"pca_shiftedlog","symsim",10940,1,0.98,1000,30,0.000325254296380407,83.4360729755433,27.7877163071996,FALSE,TRUE,TRUE,TRUE,"ok",NA
"pca_sctransform_v2","splatter",10936,2,0.7,1000,30,-0.0005615783143737,21.5987114075615,27.7877163071996,FALSE,TRUE,FALSE,FALSE,"ok",NA
"pca_sctransform_v2","splatter",10936,3,0.7,1000,30,-0.000301369468075719,21.3838300357934,27.7877163071996,FALSE,TRUE,FALSE,FALSE,"ok",NA
"pca_sctransform_v2","splatter",10936,1,0.7,1000,30,0.00046483333979352,21.4929876735869,27.7877163071996,FALSE,TRUE,FALSE,FALSE,"ok",NA
"pca_sctransform_v2","splatter",10937,2,0.8,1000,30,-0.000911581419436071,21.659179415983,27.7877163071996,FALSE,TRUE,FALSE,FALSE,"ok",NA
"pca_sctransform_v2","splatter",10937,3,0.8,1000,30,-0.00156679944567735,21.7898103483209,27.7877163071996,FALSE,TRUE,FALSE,FALSE,"ok",NA
"pca_sctransform_v2","splatter",10937,1,0.8,1000,30,-0.000713005596821056,21.3362508540194,27.7877163071996,FALSE,TRUE,FALSE,FALSE,"ok",NA
"pca_sctransform_v2","splatter",10938,2,0.9,1000,30,0.000844917737820084,21.3173445220785,27.7877163071996,FALSE,TRUE,FALSE,FALSE,"ok",NA
"pca_sctransform_v2","splatter",10938,3,0.9,1000,30,0.00352761038722303,23.5901289306904,27.7877163071996,FALSE,TRUE,FALSE,FALSE,"ok",NA
"pca_sctransform_v2","splatter",10938,1,0.9,1000,30,-0.00157025000753215,21.1717383780339,27.7877163071996,FALSE,TRUE,FALSE,FALSE,"ok",NA
"pca_sctransform_v2","splatter",10939,2,0.95,1000,30,-0.000427681233674109,20.9647666627349,27.7877163071996,FALSE,TRUE,FALSE,FALSE,"ok",NA
"pca_sctransform_v2","splatter",10939,3,0.95,1000,30,-0.00176464781547054,20.3618746110674,27.7877163071996,FALSE,TRUE,FALSE,FALSE,"ok",NA
"pca_sctransform_v2","splatter",10939,1,0.95,1000,30,-0.00118600700031886,20.3015867798557,27.7877163071996,FALSE,TRUE,FALSE,FALSE,"ok",NA
"pca_sctransform_v2","splatter",10940,2,0.98,1000,30,-0.000549921005715368,20.413355854089,27.7877163071996,FALSE,TRUE,FALSE,FALSE,"ok",NA
"pca_sctransform_v2","splatter",10940,3,0.98,1000,30,0.000264460009062257,23.6321310784245,27.7877163071996,FALSE,TRUE,FALSE,FALSE,"ok",NA
"pca_sctransform_v2","splatter",10940,1,0.98,1000,30,6.25965268844779e-05,28.4835629187922,27.7877163071996,FALSE,TRUE,TRUE,TRUE,"ok",NA
"pca_sctransform_v2","scdesign3",10936,2,0.7,1000,30,-3.63515735535674e-05,34.9892688070903,27.7877163071996,FALSE,TRUE,TRUE,TRUE,"ok",NA
"pca_sctransform_v2","scdesign3",10936,3,0.7,1000,30,0.00255943372862623,34.7000831164943,27.7877163071996,FALSE,TRUE,TRUE,TRUE,"ok",NA
"pca_sctransform_v2","scdesign3",10936,1,0.7,1000,30,0.000289958035943034,37.4521121388172,27.7877163071996,FALSE,TRUE,TRUE,TRUE,"ok",NA
"pca_sctransform_v2","scdesign3",10937,2,0.8,1000,30,-0.000816756502983984,31.6932685041893,27.7877163071996,FALSE,TRUE,TRUE,TRUE,"ok",NA
"pca_sctransform_v2","scdesign3",10937,3,0.8,1000,30,-0.00103404842309608,29.8188551060849,27.7877163071996,FALSE,TRUE,TRUE,TRUE,"ok",NA
"pca_sctransform_v2","scdesign3",10937,1,0.8,1000,30,-0.000842320969921485,31.2801262151454,27.7877163071996,FALSE,TRUE,TRUE,TRUE,"ok",NA
"pca_sctransform_v2","scdesign3",10938,2,0.9,1000,30,0.00107802925612617,27.5556359147639,27.7877163071996,FALSE,TRUE,FALSE,FALSE,"ok",NA
"pca_sctransform_v2","scdesign3",10938,3,0.9,1000,30,-0.000432329759272641,26.5628182292653,27.7877163071996,FALSE,TRUE,FALSE,FALSE,"ok",NA
"pca_sctransform_v2","scdesign3",10938,1,0.9,1000,30,-0.000228169662053109,32.5696915332076,27.7877163071996,FALSE,TRUE,TRUE,TRUE,"ok",NA
"pca_sctransform_v2","scdesign3",10939,2,0.95,1000,30,-2.65552403802393e-05,29.0672546028243,27.7877163071996,FALSE,TRUE,TRUE,TRUE,"ok",NA
"pca_sctransform_v2","scdesign3",10939,3,0.95,1000,30,0.00180675548370779,31.0464974729893,27.7877163071996,FALSE,TRUE,TRUE,TRUE,"ok",NA
"pca_sctransform_v2","scdesign3",10939,1,0.95,1000,30,0.000195085895824036,35.1705268242118,27.7877163071996,FALSE,TRUE,TRUE,TRUE,"ok",NA
"pca_sctransform_v2","scdesign3",10940,2,0.98,1000,30,-0.000609599262004547,27.8982487740016,27.7877163071996,FALSE,TRUE,TRUE,TRUE,"ok",NA
"pca_sctransform_v2","scdesign3",10940,3,0.98,1000,30,-1.15721988912725e-05,28.6823069677742,27.7877163071996,FALSE,TRUE,TRUE,TRUE,"ok",NA
"pca_sctransform_v2","scdesign3",10940,1,0.98,1000,30,-0.000405813023862568,28.0831497013574,27.7877163071996,FALSE,TRUE,TRUE,TRUE,"ok",NA
"pca_sctransform_v2","symsim",10936,2,0.7,1000,30,0.00420619615564598,53.027890536776,27.7877163071996,FALSE,TRUE,TRUE,TRUE,"ok",NA
"pca_sctransform_v2","symsim",10936,3,0.7,1000,30,-0.0017900112200865,50.7299762862355,27.7877163071996,FALSE,TRUE,TRUE,TRUE,"ok",NA
"pca_sctransform_v2","symsim",10936,1,0.7,1000,30,-0.0010283006230263,66.4201479475523,27.7877163071996,FALSE,TRUE,TRUE,TRUE,"ok",NA
"pca_sctransform_v2","symsim",10937,2,0.8,1000,30,0.00165330015549219,55.7029558757458,27.7877163071996,FALSE,TRUE,TRUE,TRUE,"ok",NA
"pca_sctransform_v2","symsim",10937,3,0.8,1000,30,0.00215518526596019,41.1620965080791,27.7877163071996,FALSE,TRUE,TRUE,TRUE,"ok",NA
"pca_sctransform_v2","symsim",10937,1,0.8,1000,30,-0.000857245293492491,65.4540230087991,27.7877163071996,FALSE,TRUE,TRUE,TRUE,"ok",NA
"pca_sctransform_v2","symsim",10938,2,0.9,1000,30,0.00665622046397412,55.2177108874268,27.7877163071996,FALSE,TRUE,TRUE,TRUE,"ok",NA
"pca_sctransform_v2","symsim",10938,3,0.9,1000,30,0.00217102839419611,37.5467147405564,27.7877163071996,FALSE,TRUE,TRUE,TRUE,"ok",NA
"pca_sctransform_v2","symsim",10938,1,0.9,1000,30,-0.000317485335768014,69.8294913272896,27.7877163071996,FALSE,TRUE,TRUE,TRUE,"ok",NA
"pca_sctransform_v2","symsim",10939,2,0.95,1000,30,0.00554623722131071,48.2911245087283,27.7877163071996,FALSE,TRUE,TRUE,TRUE,"ok",NA
"pca_sctransform_v2","symsim",10939,3,0.95,1000,30,-0.000982924831453595,33.2670946015329,27.7877163071996,FALSE,TRUE,TRUE,TRUE,"ok",NA
"pca_sctransform_v2","symsim",10939,1,0.95,1000,30,0.00153327624784793,62.02894841045,27.7877163071996,FALSE,TRUE,TRUE,TRUE,"ok",NA
"pca_sctransform_v2","symsim",10940,2,0.98,1000,30,0.000161516703664806,51.7470672147317,27.7877163071996,FALSE,TRUE,TRUE,TRUE,"ok",NA
"pca_sctransform_v2","symsim",10940,3,0.98,1000,30,-0.000591423311852288,31.6157181207554,27.7877163071996,FALSE,TRUE,TRUE,TRUE,"ok",NA
"pca_sctransform_v2","symsim",10940,1,0.98,1000,30,0.00239096526414964,62.2889007101776,27.7877163071996,FALSE,TRUE,TRUE,TRUE,"ok",NA
"pca_glmpca","splatter",10936,1,0.7,1000,30,0.000119569209998648,727.945959381232,27.7877163071996,FALSE,TRUE,TRUE,TRUE,"ok",NA
"pca_glmpca","splatter",10936,2,0.7,1000,30,-0.000912820978701863,107.340216605536,27.7877163071996,FALSE,TRUE,TRUE,TRUE,"ok",NA
"pca_glmpca","splatter",10936,3,0.7,1000,30,-0.0004210878878058,130.79095528941,27.7877163071996,FALSE,TRUE,TRUE,TRUE,"ok",NA
"pca_glmpca","splatter",10937,1,0.8,1000,30,-0.00125005529440958,111.418146908966,27.7877163071996,FALSE,TRUE,TRUE,TRUE,"ok",NA
"pca_glmpca","splatter",10937,2,0.8,1000,30,-0.00083510502514549,97.8317425281871,27.7877163071996,FALSE,TRUE,TRUE,TRUE,"ok",NA
"pca_glmpca","splatter",10937,3,0.8,1000,30,0.000575666809684337,90.3294135012462,27.7877163071996,FALSE,TRUE,TRUE,TRUE,"ok",NA
"pca_glmpca","splatter",10938,1,0.9,1000,30,-0.000950296800141562,465.023763929387,27.7877163071996,FALSE,TRUE,TRUE,TRUE,"ok",NA
"pca_glmpca","splatter",10938,2,0.9,1000,30,0.00609874612295457,146.681305096479,27.7877163071996,FALSE,TRUE,TRUE,TRUE,"ok",NA
"pca_glmpca","splatter",10938,3,0.9,1000,30,-0.00167570520943315,303.498063616129,27.7877163071996,FALSE,TRUE,TRUE,TRUE,"ok",NA
"pca_glmpca","splatter",10939,1,0.95,1000,30,-0.000623559411153292,25.6931283679796,27.7877163071996,FALSE,TRUE,FALSE,FALSE,"ok",NA
"pca_glmpca","splatter",10939,2,0.95,1000,30,0.0020789759284767,90.2389163012213,27.7877163071996,FALSE,TRUE,TRUE,TRUE,"ok",NA
"pca_glmpca","splatter",10939,3,0.95,1000,30,0.00399984040572141,37.9107099430246,27.7877163071996,FALSE,TRUE,TRUE,TRUE,"ok",NA
"pca_glmpca","splatter",10940,1,0.98,1000,30,0.000668431040779323,42.3692372313571,27.7877163071996,FALSE,TRUE,TRUE,TRUE,"ok",NA
"pca_glmpca","splatter",10940,2,0.98,1000,30,-0.00146011447602096,52.1798321840562,27.7877163071996,FALSE,TRUE,TRUE,TRUE,"ok",NA
"pca_glmpca","splatter",10940,3,0.98,1000,30,0.0011997444301242,47.6552545032498,27.7877163071996,FALSE,TRUE,TRUE,TRUE,"ok",NA
"pca_glmpca","scdesign3",10936,1,0.7,1000,30,-0.000386793347082334,132.525073241193,27.7877163071996,FALSE,TRUE,TRUE,TRUE,"ok",NA
"pca_glmpca","scdesign3",10936,2,0.7,1000,30,-0.000144089451236759,104.166063738736,27.7877163071996,FALSE,TRUE,TRUE,TRUE,"ok",NA
"pca_glmpca","scdesign3",10936,3,0.7,1000,30,1.79805189553231e-05,989.541425078683,27.7877163071996,FALSE,TRUE,TRUE,TRUE,"ok",NA
"pca_glmpca","scdesign3",10937,1,0.8,1000,30,-0.000887824263434237,39.4616563305368,27.7877163071996,FALSE,TRUE,TRUE,TRUE,"ok",NA
"pca_glmpca","scdesign3",10937,2,0.8,1000,30,-0.000836772534876403,31.3548985401899,27.7877163071996,FALSE,TRUE,TRUE,TRUE,"ok",NA
"pca_glmpca","scdesign3",10937,3,0.8,1000,30,9.74397043625307e-05,212.381432768062,27.7877163071996,FALSE,TRUE,TRUE,TRUE,"ok",NA
"pca_glmpca","scdesign3",10938,1,0.9,1000,30,0.0016282259141471,43.6677997207624,27.7877163071996,FALSE,TRUE,TRUE,TRUE,"ok",NA
"pca_glmpca","scdesign3",10938,2,0.9,1000,30,0.000105214745023894,83.8435921488998,27.7877163071996,FALSE,TRUE,TRUE,TRUE,"ok",NA
"pca_glmpca","scdesign3",10938,3,0.9,1000,30,-0.000802399572615744,128.315911441249,27.7877163071996,FALSE,TRUE,TRUE,TRUE,"ok",NA
"pca_glmpca","scdesign3",10939,1,0.95,1000,30,-0.00085518024021565,125.524895001101,27.7877163071996,FALSE,TRUE,TRUE,TRUE,"ok",NA
"pca_glmpca","scdesign3",10939,2,0.95,1000,30,0.00117666764872808,259.293442187114,27.7877163071996,FALSE,TRUE,TRUE,TRUE,"ok",NA
"pca_glmpca","scdesign3",10939,3,0.95,1000,30,0.000558842579693924,375.096617131423,27.7877163071996,FALSE,TRUE,TRUE,TRUE,"ok",NA
"pca_glmpca","scdesign3",10940,1,0.98,1000,30,0.000279593883692012,8442.84649667148,27.7877163071996,FALSE,TRUE,TRUE,TRUE,"ok",NA
"pca_glmpca","scdesign3",10940,2,0.98,1000,30,-0.000519685918010231,11547.2194008068,27.7877163071996,FALSE,TRUE,TRUE,TRUE,"ok",NA
"pca_glmpca","scdesign3",10940,3,0.98,1000,30,-0.000789530099488218,8985.54730043429,27.7877163071996,FALSE,TRUE,TRUE,TRUE,"ok",NA
"pca_glmpca","symsim",10936,1,0.7,1000,30,0.000535177413286761,418.153437316165,27.7877163071996,FALSE,TRUE,TRUE,TRUE,"ok",NA
"pca_glmpca","symsim",10936,2,0.7,1000,30,0.00433969029026844,1078.11786448087,27.7877163071996,FALSE,TRUE,TRUE,TRUE,"ok",NA
"pca_glmpca","symsim",10936,3,0.7,1000,30,-0.000498911236659422,39.115799058411,27.7877163071996,FALSE,TRUE,TRUE,TRUE,"ok",NA
"pca_glmpca","symsim",10937,1,0.8,1000,30,0.00255820204548509,487.948098319011,27.7877163071996,FALSE,TRUE,TRUE,TRUE,"ok",NA
"pca_glmpca","symsim",10937,2,0.8,1000,30,0.00421401513727883,81.3215413456956,27.7877163071996,FALSE,TRUE,TRUE,TRUE,"ok",NA
"pca_glmpca","symsim",10937,3,0.8,1000,30,0.000207132574505965,897.159432762647,27.7877163071996,FALSE,TRUE,TRUE,TRUE,"ok",NA
"pca_glmpca","symsim",10938,1,0.9,1000,30,-0.00156939498636879,1622.9731319312,27.7877163071996,FALSE,TRUE,TRUE,TRUE,"ok",NA
"pca_glmpca","symsim",10938,2,0.9,1000,30,-0.000415821715088454,1120.94226754194,27.7877163071996,FALSE,TRUE,TRUE,TRUE,"ok",NA
"pca_glmpca","symsim",10938,3,0.9,1000,30,0.00159346751418491,1301.84102808791,27.7877163071996,FALSE,TRUE,TRUE,TRUE,"ok",NA
"pca_glmpca","symsim",10939,1,0.95,1000,30,0.0015028489365273,185.661437536317,27.7877163071996,FALSE,TRUE,TRUE,TRUE,"ok",NA
"pca_glmpca","symsim",10939,2,0.95,1000,30,-7.70690616054515e-05,280.368528161173,27.7877163071996,FALSE,TRUE,TRUE,TRUE,"ok",NA
"pca_glmpca","symsim",10939,3,0.95,1000,30,0.00131224432344748,109.087932403876,27.7877163071996,FALSE,TRUE,TRUE,TRUE,"ok",NA
"pca_glmpca","symsim",10940,1,0.98,1000,30,-0.000271105951944988,521.725449122563,27.7877163071996,FALSE,TRUE,TRUE,TRUE,"ok",NA
"pca_glmpca","symsim",10940,2,0.98,1000,30,0.0011541651562652,591.929293009378,27.7877163071996,FALSE,TRUE,TRUE,TRUE,"ok",NA
"pca_glmpca","symsim",10940,3,0.98,1000,30,0.000618057451615045,304.4875288175,27.7877163071996,FALSE,TRUE,TRUE,TRUE,"ok",NA
