"source","run_id","method","status","subspace_recovery_score_samegenes","grassmann_distance_samegenes","n_genes_used_samegenes","subspace_recovery_score","grassmann_distance","recovery_score_delta"
"scdesign3",151,"pca_libnorm","ok",0.00526146518000961,0.997365797899642,2000,0.00526146518000983,0.997365797899642,-2.23779328401008e-16
"scdesign3",151,"pca_log","ok",0.321268956806201,0.823851347752614,2000,0.321268956806201,0.823851347752614,-5.55111512312578e-17
"scdesign3",151,"pca_raw","ok",0.614040708884353,0.621256220182661,2000,0.614040708884358,0.621256220182657,-5.10702591327572e-15
"scdesign3",151,"pca_shiftedlog","ok",0.52830121648371,0.686803307735402,2000,0.52830121648371,0.686803307735403,3.33066907387547e-16
"scdesign3",152,"pca_libnorm","ok",0.000677044190186587,0.999661420586897,2000,0.000677044190186598,0.999661420586897,-1.14925430283463e-17
"scdesign3",152,"pca_log","ok",0.348114411200859,0.807394320514543,2000,0.348114411200859,0.807394320514543,-5.55111512312578e-17
"scdesign3",152,"pca_raw","ok",0.598343673449579,0.633763620406237,2000,0.598343673449582,0.633763620406234,-2.55351295663786e-15
"scdesign3",152,"pca_shiftedlog","ok",0.016448478256554,0.991741660788456,2000,0.0164484782565539,0.991741660788457,1.07552855510562e-16
"scdesign3",153,"pca_libnorm","ok",0.000624124576962167,0.999687889004882,2000,0.000624124576962178,0.999687889004882,-1.09504419421036e-17
"scdesign3",153,"pca_log","ok",0.00376558837779724,0.998115430009076,2000,0.00376558837779727,0.998115430009076,-2.77555756156289e-17
"scdesign3",153,"pca_raw","ok",0.559667692919903,0.663575396680812,2000,0.559667692919904,0.663575396680811,-1.11022302462516e-15
"scdesign3",153,"pca_shiftedlog","ok",0.00916045180054813,0.995409236545177,2000,0.00916045180054826,0.995409236545177,-1.26634813746307e-16
"scdesign3",154,"pca_libnorm","ok",6.66588542378149e-05,0.999966670017437,2000,6.66588542378149e-05,0.999966670017437,2.71050543121376e-20
"scdesign3",154,"pca_log","ok",0.00131673013571892,0.999341418067059,2000,0.00131673013571892,0.999341418067059,3.90312782094782e-18
"scdesign3",154,"pca_raw","ok",0.418551217893345,0.762527889395959,2000,0.41855121789335,0.762527889395955,-5.38458166943201e-15
"scdesign3",154,"pca_shiftedlog","ok",0.00301030496083507,0.998493713069424,2000,0.003010304960835,0.998493713069424,7.19910242530375e-17
"scdesign3",155,"pca_libnorm","ok",3.62916390948531e-05,0.999981854015814,2000,3.6291639094837e-05,0.999981854015814,1.60732972070976e-17
"scdesign3",155,"pca_log","ok",0.00211826468458475,0.998940306182214,2000,0.0021182646845848,0.998940306182214,-4.5102810375397e-17
"scdesign3",155,"pca_raw","ok",0.226639975533511,0.879408906292453,2000,0.226639975533511,0.879408906292453,3.60822483003176e-16
"scdesign3",155,"pca_shiftedlog","ok",0.0010653288391896,0.999467193639096,2000,0.0010653288391896,0.999467193639096,2.16840434497101e-18
"scdesign3",156,"pca_libnorm","ok",0.00455340646472419,0.997720699161482,2000,0.00455340646472461,0.997720699161481,-4.16333634234434e-16
"scdesign3",156,"pca_log","ok",0.163967472574852,0.914348143447094,2000,0.163967472574852,0.914348143447094,-1.94289029309402e-16
"scdesign3",156,"pca_raw","ok",0.646153143293219,0.594850280916787,2000,0.646153143293221,0.594850280916786,-1.77635683940025e-15
"scdesign3",156,"pca_shiftedlog","ok",0.410851005724902,0.767560417345174,2000,0.410851005724903,0.767560417345174,-6.10622663543836e-16
"scdesign3",157,"pca_libnorm","ok",0.000515534821542693,0.999742199358643,2000,0.000515534821542672,0.999742199358643,2.05998412772246e-17
"scdesign3",157,"pca_log","ok",0.187297611396189,0.901500076873991,2000,0.187297611396189,0.901500076873991,-1.66533453693773e-16
"scdesign3",157,"pca_raw","ok",0.624181801122424,0.613040128276751,2000,0.624181801122426,0.61304012827675,-1.55431223447522e-15
"scdesign3",157,"pca_shiftedlog","ok",0.0368672058567422,0.981393292285645,2000,0.0368672058567422,0.981393292285645,2.08166817117217e-17
"scdesign3",158,"pca_libnorm","ok",2.60132841037451e-05,0.999986993273361,2000,2.60132841037451e-05,0.999986993273361,1.01643953670516e-20
"scdesign3",158,"pca_log","ok",0.00164827696392584,0.999175521635751,2000,0.00164827696392582,0.999175521635751,2.23345647532014e-17
"scdesign3",158,"pca_raw","ok",0.578898601996387,0.648923260488952,2000,0.578898601996394,0.648923260488947,-6.66133814775094e-15
"scdesign3",158,"pca_shiftedlog","ok",0.00182091453006265,0.999089127890969,2000,0.00182091453006265,0.999089127890969,3.68628738645072e-18
"scdesign3",159,"pca_libnorm","ok",2.86866152959e-08,0.999999985656692,2000,2.86866152961256e-08,0.999999985656692,-2.25628401324864e-19
"scdesign3",159,"pca_log","ok",0.0168159118419196,0.991556396862065,2000,0.0168159118419196,0.991556396862065,1.04083408558608e-17
"scdesign3",159,"pca_raw","ok",0.484470272666591,0.718003988382662,2000,0.484470272666591,0.718003988382662,-1.66533453693773e-16
"scdesign3",159,"pca_shiftedlog","ok",0.00729010353270509,0.996348280706749,2000,0.00729010353270509,0.996348280706749,-1.73472347597681e-18
"scdesign3",160,"pca_libnorm","ok",0.000212326222059668,0.999893831253069,2000,0.000212326222059668,0.999893831253069,-2.98155597433514e-19
"scdesign3",160,"pca_log","ok",0.00396891624031436,0.998013568925636,2000,0.00396891624031444,0.998013568925636,-8.32667268468867e-17
"scdesign3",160,"pca_raw","ok",0.265142535359201,0.857238277633937,2000,0.2651425353592,0.857238277633937,6.10622663543836e-16
"scdesign3",160,"pca_shiftedlog","ok",0.00100690197947647,0.999496422214969,2000,0.00100690197947647,0.999496422214969,3.90312782094782e-18
"scdesign3",161,"pca_libnorm","ok",0.000969617794523312,0.999515073525896,2000,0.000969617794523423,0.999515073525896,-1.10805462028019e-16
"scdesign3",161,"pca_log","ok",0.117983836453968,0.939157155936125,2000,0.117983836453969,0.939157155936125,-5.96744875736022e-16
"scdesign3",161,"pca_raw","ok",0.626271540461607,0.611333345678438,2000,0.626271540461608,0.611333345678438,-1.11022302462516e-15
"scdesign3",161,"pca_shiftedlog","ok",0.370168842965865,0.793619025121081,2000,0.370168842965866,0.793619025121081,-8.88178419700125e-16
"scdesign3",162,"pca_libnorm","ok",0.000664989539180753,0.999667449935637,2000,0.000664989539180719,0.999667449935637,3.41523684332934e-17
"scdesign3",162,"pca_log","ok",0.0720274537653604,0.963313316753506,2000,0.0720274537653604,0.963313316753506,-1.38777878078145e-17
"scdesign3",162,"pca_raw","ok",0.607281896496032,0.626672245678687,2000,0.607281896496034,0.626672245678685,-2.44249065417534e-15
"scdesign3",162,"pca_shiftedlog","ok",0.0021804919808645,0.99890915904257,2000,0.00218049198086448,0.998909159042571,1.95156391047391e-17
"scdesign3",163,"pca_libnorm","ok",0.000240987528378211,0.999879498975562,2000,0.000240987528378211,0.999879498975562,5.42101086242752e-20
"scdesign3",163,"pca_log","ok",0.000785048492401539,0.999607398685903,2000,0.000785048492401539,0.999607398685903,3.25260651745651e-19
"scdesign3",163,"pca_raw","ok",0.556403463245209,0.666030432303803,2000,0.556403463245216,0.666030432303798,-7.105427357601e-15
"scdesign3",163,"pca_shiftedlog","ok",0.00020074116183647,0.999899624381449,2000,0.000200741161836477,0.999899624381449,-6.64073830647371e-18
"scdesign3",164,"pca_libnorm","ok",0.000542693900092762,0.999728616225377,2000,0.000542693900092783,0.999728616225377,-2.08166817117217e-17
"scdesign3",164,"pca_log","ok",0.00058042543824902,0.999709745156939,2000,0.000580425438249063,0.999709745156939,-4.25007251614318e-17
"scdesign3",164,"pca_raw","ok",0.48336217821881,0.718775223405196,2000,0.48336217821881,0.718775223405196,1.11022302462516e-16
"scdesign3",164,"pca_shiftedlog","ok",0.000601509649308182,0.999699199935006,2000,0.000601509649308182,0.999699199935006,-5.42101086242752e-19
"scdesign3",165,"pca_libnorm","ok",0.00044079597239905,0.99977957772081,2000,0.000440795972399022,0.99977957772081,2.81892564846231e-17
"scdesign3",165,"pca_log","ok",0.000244601466875906,0.999877691786913,2000,0.00024460146687592,0.999877691786913,-1.40404181336873e-17
"scdesign3",165,"pca_raw","ok",0.2519108295017,0.864921482273565,2000,0.251910829501699,0.864921482273565,6.66133814775094e-16
"scdesign3",165,"pca_shiftedlog","ok",0.000369867074538338,0.999815049359361,2000,0.000369867074538338,0.999815049359361,-1.62630325872826e-19
"scdesign3",196,"pca_libnorm","ok",0.644471650409189,1.03275604513962,2000,0.644471650409189,1.03275604513962,-4.44089209850063e-16
"scdesign3",196,"pca_log","ok",0.296028870021949,1.45324237136623,2000,0.296028870021949,1.45324237136623,1.66533453693773e-16
"scdesign3",196,"pca_raw","ok",0.375747350966585,1.36848746691384,2000,0.375747350966584,1.36848746691384,6.10622663543836e-16
"scdesign3",196,"pca_shiftedlog","ok",0.569138630902199,1.1369186898338,2000,0.5691386309022,1.1369186898338,-7.7715611723761e-16
"scdesign3",197,"pca_libnorm","ok",0.385113110738952,1.35818285506155,2000,0.385113110738952,1.35818285506155,-2.77555756156289e-16
"scdesign3",197,"pca_log","ok",0.306486345765832,1.44240804306635,2000,0.306486345765832,1.44240804306635,-2.22044604925031e-16
"scdesign3",197,"pca_raw","ok",0.360468614567679,1.38513326301008,2000,0.360468614567679,1.38513326301008,0
"scdesign3",197,"pca_shiftedlog","ok",0.555378797550152,1.15493013093847,2000,0.555378797550152,1.15493013093847,2.22044604925031e-16
"scdesign3",198,"pca_libnorm","ok",0.323591620328515,1.42450873602602,2000,0.323591620328515,1.42450873602602,4.44089209850063e-16
"scdesign3",198,"pca_log","ok",0.382191956520995,1.36140520435211,2000,0.382191956520995,1.36140520435211,-1.66533453693773e-16
"scdesign3",198,"pca_raw","ok",0.354571926631978,1.39150430114465,2000,0.354571926631978,1.39150430114465,1.66533453693773e-16
"scdesign3",198,"pca_shiftedlog","ok",0.367273246650968,1.37774462802331,2000,0.367273246650968,1.37774462802331,1.11022302462516e-16
"scdesign3",199,"pca_libnorm","ok",0.153731971113297,1.59336250949372,2000,0.153731971113297,1.59336250949372,-3.05311331771918e-16
"scdesign3",199,"pca_log","ok",0.241719983680887,1.50825728871348,2000,0.241719983680888,1.50825728871348,-5.82867087928207e-16
"scdesign3",199,"pca_raw","ok",0.35289944085438,1.39330602433093,2000,0.35289944085438,1.39330602433093,2.77555756156289e-16
"scdesign3",199,"pca_shiftedlog","ok",0.180255928021486,1.56819393441485,2000,0.180255928021486,1.56819393441486,-5.55111512312578e-17
"scdesign3",200,"pca_libnorm","ok",0.116668400072143,1.62788046237541,2000,0.116668400072143,1.62788046237541,3.88578058618805e-16
"scdesign3",200,"pca_log","ok",0.0801432191559219,1.66119545584866,2000,0.080143219155922,1.66119545584866,-1.38777878078145e-16
"scdesign3",200,"pca_raw","ok",0.345020336301425,1.40176281556322,2000,0.345020336301425,1.40176281556322,4.9960036108132e-16
"scdesign3",200,"pca_shiftedlog","ok",0.0998608201575905,1.64329472083593,2000,0.0998608201575906,1.64329472083593,-5.55111512312578e-17
"scdesign3",201,"pca_libnorm","ok",0.681723693831293,0.977153477456905,2000,0.681723693831293,0.977153477456904,-3.33066907387547e-16
"scdesign3",201,"pca_log","ok",0.244541835022336,1.50544827042745,2000,0.244541835022336,1.50544827042745,3.05311331771918e-16
"scdesign3",201,"pca_raw","ok",0.57007053365808,1.13568851320499,2000,0.570070533658081,1.13568851320499,-8.88178419700125e-16
"scdesign3",201,"pca_shiftedlog","ok",0.469263831593686,1.2618274466895,2000,0.469263831593686,1.2618274466895,0
"scdesign3",202,"pca_libnorm","ok",0.519486546051317,1.20064164589025,2000,0.519486546051317,1.20064164589025,1.11022302462516e-16
"scdesign3",202,"pca_log","ok",0.311963046049777,1.43670138228188,2000,0.311963046049777,1.43670138228188,2.22044604925031e-16
"scdesign3",202,"pca_raw","ok",0.544638692965306,1.16879592791218,2000,0.544638692965306,1.16879592791218,-2.22044604925031e-16
"scdesign3",202,"pca_shiftedlog","ok",0.512574278781585,1.20924652724548,2000,0.512574278781584,1.20924652724548,5.55111512312578e-16
"scdesign3",203,"pca_libnorm","ok",0.259228419227003,1.49074301686072,2000,0.259228419227004,1.49074301686072,-7.7715611723761e-16
"scdesign3",203,"pca_log","ok",0.309220055849636,1.43956237532491,2000,0.309220055849637,1.43956237532491,-7.7715611723761e-16
"scdesign3",203,"pca_raw","ok",0.381012180680613,1.36270446464307,2000,0.381012180680614,1.36270446464307,-6.10622663543836e-16
"scdesign3",203,"pca_shiftedlog","ok",0.347080967375264,1.39955603598934,2000,0.347080967375265,1.39955603598934,-6.10622663543836e-16
"scdesign3",204,"pca_libnorm","ok",0.164651504058152,1.58304942684224,2000,0.164651504058152,1.58304942684224,-8.32667268468867e-17
"scdesign3",204,"pca_log","ok",0.138013628652185,1.60809176169877,2000,0.138013628652185,1.60809176169877,4.9960036108132e-16
"scdesign3",204,"pca_raw","ok",0.369494449436598,1.37532419875832,2000,0.369494449436598,1.37532419875832,0
"scdesign3",204,"pca_shiftedlog","ok",0.139816157574559,1.60640951418881,2000,0.139816157574559,1.60640951418881,8.32667268468867e-17
"scdesign3",205,"pca_libnorm","ok",0.13895159353204,1.60721660624941,2000,0.13895159353204,1.60721660624941,-1.11022302462516e-16
"scdesign3",205,"pca_log","ok",0.0861343609120458,1.65577683196253,2000,0.086134360912046,1.65577683196253,-2.4980018054066e-16
"scdesign3",205,"pca_raw","ok",0.36453173616851,1.38072618266421,2000,0.36453173616851,1.38072618266421,-1.66533453693773e-16
"scdesign3",205,"pca_shiftedlog","ok",0.121724156793204,1.62321518278397,2000,0.121724156793204,1.62321518278397,-6.93889390390723e-17
"scdesign3",206,"pca_libnorm","ok",0.614428435984127,1.07550671408765,2000,0.614428435984127,1.07550671408765,4.44089209850063e-16
"scdesign3",206,"pca_log","ok",0.274227759014323,1.47557335397364,2000,0.274227759014323,1.47557335397364,5.55111512312578e-17
"scdesign3",206,"pca_raw","ok",0.574854589029475,1.12935212972375,2000,0.574854589029475,1.12935212972375,1.11022302462516e-16
"scdesign3",206,"pca_shiftedlog","ok",0.43270010704413,1.30456877122964,2000,0.432700107044129,1.30456877122964,6.66133814775094e-16
"scdesign3",207,"pca_libnorm","ok",0.475247543774283,1.25469413351508,2000,0.475247543774283,1.25469413351508,2.77555756156289e-16
"scdesign3",207,"pca_log","ok",0.353076597050129,1.39311528914502,2000,0.35307659705013,1.39311528914502,-7.21644966006352e-16
"scdesign3",207,"pca_raw","ok",0.455205455730184,1.27843014389111,2000,0.455205455730184,1.27843014389111,1.66533453693773e-16
"scdesign3",207,"pca_shiftedlog","ok",0.492321816033346,1.23411286027655,2000,0.492321816033347,1.23411286027655,-7.21644966006352e-16
"scdesign3",208,"pca_libnorm","ok",0.281398294549765,1.46826602369962,2000,0.281398294549765,1.46826602369962,-2.22044604925031e-16
"scdesign3",208,"pca_log","ok",0.167452304758895,1.58039333259898,2000,0.167452304758894,1.58039333259898,1.27675647831893e-15
"scdesign3",208,"pca_raw","ok",0.44811973881178,1.28671705652978,2000,0.44811973881178,1.28671705652978,1.66533453693773e-16
"scdesign3",208,"pca_shiftedlog","ok",0.279298798602583,1.47040933219027,2000,0.279298798602584,1.47040933219027,-7.7715611723761e-16
"scdesign3",209,"pca_libnorm","ok",0.130304527444663,1.61526667075936,2000,0.130304527444663,1.61526667075936,-2.22044604925031e-16
"scdesign3",209,"pca_log","ok",0.0726584552853399,1.66794023698212,2000,0.0726584552853399,1.66794023698212,-1.38777878078145e-17
"scdesign3",209,"pca_raw","ok",0.442718951936598,1.29299773557041,2000,0.442718951936598,1.29299773557041,-1.11022302462516e-16
"scdesign3",209,"pca_shiftedlog","ok",0.0866542073907841,1.65530582607192,2000,0.0866542073907842,1.65530582607192,-1.11022302462516e-16
"scdesign3",210,"pca_libnorm","ok",0.0963448383920739,1.64650098233307,2000,0.0963448383920738,1.64650098233307,1.2490009027033e-16
"scdesign3",210,"pca_log","ok",0.0451477819998098,1.69250011935024,2000,0.04514778199981,1.69250011935024,-2.0122792321331e-16
"scdesign3",210,"pca_raw","ok",0.323550157305845,1.42455239569574,2000,0.323550157305845,1.42455239569574,-2.22044604925031e-16
"scdesign3",210,"pca_shiftedlog","ok",0.0730070100908664,1.66762674772486,2000,0.0730070100908665,1.66762674772486,-1.52655665885959e-16
"scdesign3",241,"pca_libnorm","ok",0.666597392441836,1.15482051862298,2000,0.666597392441836,1.15482051862298,4.44089209850063e-16
"scdesign3",241,"pca_log","ok",0.33746773571915,1.62792169870771,2000,0.33746773571915,1.62792169870771,-3.88578058618805e-16
"scdesign3",241,"pca_raw","ok",0.518060692135534,1.38843697424761,2000,0.518060692135534,1.38843697424761,0
"scdesign3",241,"pca_shiftedlog","ok",0.596914767095522,1.26977987526103,2000,0.596914767095522,1.26977987526103,-2.22044604925031e-16
"scdesign3",242,"pca_libnorm","ok",0.499309614736103,1.41518957777945,2000,0.499309614736103,1.41518957777945,-2.22044604925031e-16
"scdesign3",242,"pca_log","ok",0.334526440333055,1.63153125580474,2000,0.334526440333055,1.63153125580474,-1.66533453693773e-16
"scdesign3",242,"pca_raw","ok",0.496623342217727,1.41898084241088,2000,0.496623342217726,1.41898084241088,6.10622663543836e-16
"scdesign3",242,"pca_shiftedlog","ok",0.580996081962129,1.29461023947422,2000,0.580996081962129,1.29461023947422,-2.22044604925031e-16
"scdesign3",243,"pca_libnorm","ok",0.316254433535115,1.65377817915812,2000,0.316254433535115,1.65377817915812,-4.44089209850063e-16
"scdesign3",243,"pca_log","ok",0.285450642211415,1.6906204278768,2000,0.285450642211414,1.6906204278768,8.88178419700125e-16
"scdesign3",243,"pca_raw","ok",0.487346229760717,1.43199688580567,2000,0.487346229760716,1.43199688580567,7.7715611723761e-16
"scdesign3",243,"pca_shiftedlog","ok",0.286026915733137,1.68993856014574,2000,0.286026915733137,1.68993856014574,-2.22044604925031e-16
"scdesign3",244,"pca_libnorm","ok",0.307797842888651,1.66397374632096,2000,0.307797842888651,1.66397374632095,4.44089209850063e-16
"scdesign3",244,"pca_log","ok",0.173208734412237,1.81856126164368,2000,0.173208734412238,1.81856126164368,-7.7715611723761e-16
"scdesign3",244,"pca_raw","ok",0.47251474226516,1.45256360650381,2000,0.47251474226516,1.45256360650381,-2.77555756156289e-16
"scdesign3",244,"pca_shiftedlog","ok",0.277377285859683,1.7001443634472,2000,0.277377285859683,1.7001443634472,-1.66533453693773e-16
"scdesign3",245,"pca_libnorm","ok",0.253334412694981,1.72819627045659,2000,0.253334412694981,1.72819627045659,-5.55111512312578e-17
"scdesign3",245,"pca_log","ok",0.125761933964511,1.87001397431729,2000,0.125761933964511,1.87001397431729,0
"scdesign3",245,"pca_raw","ok",0.442127055591045,1.49381785289768,2000,0.442127055591045,1.49381785289768,-1.11022302462516e-16
"scdesign3",245,"pca_shiftedlog","ok",0.159075401035792,1.83403882070605,2000,0.159075401035792,1.83403882070605,-5.55111512312578e-17
"scdesign3",246,"pca_libnorm","ok",0.54043743810854,1.3558208759146,2000,0.54043743810854,1.3558208759146,-3.33066907387547e-16
"scdesign3",246,"pca_log","ok",0.24677858844399,1.73576658748348,2000,0.24677858844399,1.73576658748348,0
"scdesign3",246,"pca_raw","ok",0.524910756269922,1.37853435754076,2000,0.524910756269923,1.37853435754076,-5.55111512312578e-16
"scdesign3",246,"pca_shiftedlog","ok",0.422692537205262,1.51961503387501,2000,0.422692537205262,1.51961503387501,1.11022302462516e-16
"scdesign3",247,"pca_libnorm","ok",0.491395053543748,1.42633088230782,2000,0.491395053543747,1.42633088230782,5.55111512312578e-16
"scdesign3",247,"pca_log","ok",0.245863365067091,1.73682081393897,2000,0.245863365067091,1.73682081393897,4.9960036108132e-16
"scdesign3",247,"pca_raw","ok",0.51554223034319,1.39206001258108,2000,0.51554223034319,1.39206001258108,1.11022302462516e-16
"scdesign3",247,"pca_shiftedlog","ok",0.442033422867596,1.49394320793316,2000,0.442033422867597,1.49394320793316,-8.32667268468867e-16
"scdesign3",248,"pca_libnorm","ok",0.363226964267025,1.59596119718867,2000,0.363226964267025,1.59596119718867,5.55111512312578e-17
"scdesign3",248,"pca_log","ok",0.188661493614683,1.80148661542107,2000,0.188661493614683,1.80148661542107,-1.38777878078145e-16
"scdesign3",248,"pca_raw","ok",0.503004115338045,1.40995870104334,2000,0.503004115338044,1.40995870104334,5.55111512312578e-16
"scdesign3",248,"pca_shiftedlog","ok",0.253455949516291,1.72805561309086,2000,0.253455949516291,1.72805561309086,4.44089209850063e-16
"scdesign3",249,"pca_libnorm","ok",0.317335290166649,1.6524705260105,2000,0.317335290166649,1.6524705260105,-3.33066907387547e-16
"scdesign3",249,"pca_log","ok",0.139538134883678,1.85522167421181,2000,0.139538134883678,1.85522167421181,3.05311331771918e-16
"scdesign3",249,"pca_raw","ok",0.476364083815574,1.44725383562722,2000,0.476364083815574,1.44725383562722,3.88578058618805e-16
"scdesign3",249,"pca_shiftedlog","ok",0.24364819944084,1.73936977156574,2000,0.24364819944084,1.73936977156574,0
"scdesign3",250,"pca_libnorm","ok",0.271674075199413,1.70684026762974,2000,0.271674075199413,1.70684026762974,2.22044604925031e-16
"scdesign3",250,"pca_log","ok",0.131511021694313,1.86385512130711,2000,0.131511021694313,1.86385512130711,-1.94289029309402e-16
"scdesign3",250,"pca_raw","ok",0.470436123512276,1.45542279285124,2000,0.470436123512276,1.45542279285124,5.55111512312578e-17
"scdesign3",250,"pca_shiftedlog","ok",0.266229436287188,1.71320817615702,2000,0.266229436287188,1.71320817615702,2.22044604925031e-16
"scdesign3",251,"pca_libnorm","ok",0.446974753953469,1.48731334431791,2000,0.446974753953469,1.48731334431791,5.55111512312578e-17
"scdesign3",251,"pca_log","ok",0.272777829729797,1.70554644647421,2000,0.272777829729797,1.70554644647421,-1.66533453693773e-16
"scdesign3",251,"pca_raw","ok",0.53510441977365,1.36366503251546,2000,0.53510441977365,1.36366503251546,4.44089209850063e-16
"scdesign3",251,"pca_shiftedlog","ok",0.456667898625677,1.47422128783208,2000,0.456667898625677,1.47422128783208,4.44089209850063e-16
"scdesign3",252,"pca_libnorm","ok",0.385598407467733,1.56767546709422,2000,0.385598407467733,1.56767546709422,1.66533453693773e-16
"scdesign3",252,"pca_log","ok",0.323689727050077,1.6447617127717,2000,0.323689727050077,1.6447617127717,-4.44089209850063e-16
"scdesign3",252,"pca_raw","ok",0.514181506367627,1.39401362063987,2000,0.514181506367626,1.39401362063988,6.66133814775094e-16
"scdesign3",252,"pca_shiftedlog","ok",0.477962901969071,1.44504269560581,2000,0.477962901969071,1.44504269560581,2.77555756156289e-16
"scdesign3",253,"pca_libnorm","ok",0.325331284929818,1.64276439585253,2000,0.325331284929818,1.64276439585253,3.33066907387547e-16
"scdesign3",253,"pca_log","ok",0.205082858655067,1.78316251793821,2000,0.205082858655067,1.78316251793821,-4.44089209850063e-16
"scdesign3",253,"pca_raw","ok",0.506077990669287,1.40559170363333,2000,0.506077990669287,1.40559170363333,-1.11022302462516e-16
"scdesign3",253,"pca_shiftedlog","ok",0.276276547537793,1.70143874701643,2000,0.276276547537793,1.70143874701643,1.66533453693773e-16
"scdesign3",254,"pca_libnorm","ok",0.321483868660346,1.64744181243485,2000,0.321483868660346,1.64744181243485,-4.9960036108132e-16
"scdesign3",254,"pca_log","ok",0.211530792110961,1.77591577265257,2000,0.211530792110961,1.77591577265257,-3.33066907387547e-16
"scdesign3",254,"pca_raw","ok",0.490520703609571,1.42755636861096,2000,0.490520703609571,1.42755636861096,-2.77555756156289e-16
"scdesign3",254,"pca_shiftedlog","ok",0.285468469093714,1.69059933858533,2000,0.285468469093714,1.69059933858533,-3.33066907387547e-16
"scdesign3",255,"pca_libnorm","ok",0.257148788631813,1.72377633278588,2000,0.257148788631813,1.72377633278588,1.11022302462516e-16
"scdesign3",255,"pca_log","ok",0.0935936155864025,1.90410754361575,2000,0.0935936155864026,1.90410754361575,-5.55111512312578e-17
"scdesign3",255,"pca_raw","ok",0.45073773887682,1.48224459671564,2000,0.45073773887682,1.48224459671564,1.66533453693773e-16
"scdesign3",255,"pca_shiftedlog","ok",0.115957379427402,1.8804708139959,2000,0.115957379427402,1.8804708139959,-2.22044604925031e-16
"splatter",166,"pca_libnorm","ok",0.0225688583896481,1.97730234573305,3000,0.0219567860199834,1.97792134725324,0.000612072369664651
"splatter",166,"pca_log","ok",0.0276402350024906,1.97216608326734,3000,0.0254611872310102,1.97437464810404,0.00217904777148045
"splatter",166,"pca_raw","ok",0.0397906145827021,1.95980548567178,3000,0.0372147979306456,1.96243237037036,0.00257581665205645
"splatter",166,"pca_shiftedlog","ok",0.0244079214915188,1.97544129602323,3000,0.0228513453282557,1.97701659545057,0.00155657616326315
"splatter",167,"pca_libnorm","ok",0.0818212085209195,1.91643292758091,3000,0.0786459688486105,1.9197437653514,0.00317523967230902
"splatter",167,"pca_log","ok",0.0357424828460766,1.9639322973605,3000,0.0332785153283669,1.96643991484269,0.0024639675177097
"splatter",167,"pca_raw","ok",0.0553499038571513,1.94386223394854,3000,0.0522698556136981,1.94702865349876,0.0030800482434532
"splatter",167,"pca_shiftedlog","ok",0.0722701958448145,1.92637463039273,3000,0.0669524582304419,1.93188772113657,0.00531773761437264
"splatter",168,"pca_libnorm","ok",0.142007256826907,1.85255795393623,3000,0.13636127903728,1.85864329118066,0.00564597778962692
"splatter",168,"pca_log","ok",0.0970635414932871,1.9004593744742,3000,0.0924179098198622,1.90534205871821,0.00464563167342491
"splatter",168,"pca_raw","ok",0.14562330231772,1.848649991407,3000,0.140656442699248,1.85401570360205,0.00496685961847224
"splatter",168,"pca_shiftedlog","ok",0.133844919758853,1.86134905940949,3000,0.128360081469919,1.86723316008481,0.00548483828893445
"splatter",169,"pca_libnorm","ok",0.0576622250482032,1.94148167640264,3000,0.0559005108283617,1.9432956431502,0.00176171421984155
"splatter",169,"pca_log","ok",0.0264980948569909,1.9733240029382,3000,0.0256824300748481,1.97415052103445,0.00081566478214281
"splatter",169,"pca_raw","ok",0.0588690619815024,1.9402380658244,3000,0.0573444764891015,1.94180897465317,0.0015245854924009
"splatter",169,"pca_shiftedlog","ok",0.0305689052805931,1.96919383984351,3000,0.0285124589163686,1.97128135088184,0.00205644636422449
"splatter",170,"pca_libnorm","ok",0.0609987690478289,1.93804151756578,3000,0.0597092274496327,1.9393718287635,0.00128954159819623
"splatter",170,"pca_log","ok",0.0357200655321217,1.96395512623673,3000,0.034010586702929,1.96569520861915,0.00170947882919271
"splatter",170,"pca_raw","ok",0.0697046561921649,1.92903638514968,3000,0.0683670492845395,1.93042270056634,0.00133760690762537
"splatter",170,"pca_shiftedlog","ok",0.0545743317668054,1.94466004045252,3000,0.0529727660929774,1.94630648553307,0.00160156567382805
"splatter",171,"pca_libnorm","ok",0.0800289302799151,1.91830244718614,3000,0.0795429683577087,1.91880903858856,0.000485961922206429
"splatter",171,"pca_log","ok",0.0807891222290466,1.91750971603375,3000,0.0797745309505622,1.9185676626582,0.00101459127848444
"splatter",171,"pca_raw","ok",0.0955634924205699,1.90203733673073,3000,0.0935833291465909,1.90411834805866,0.00198016327397901
"splatter",171,"pca_shiftedlog","ok",0.125727173371149,1.87005115077513,3000,0.124168208742681,1.87171770441733,0.00155896462846847
"splatter",172,"pca_libnorm","ok",0.053304164382297,1.94596591503315,3000,0.0518251455681295,1.94748540886125,0.00147901881416749
"splatter",172,"pca_log","ok",0.0551516270000502,1.94406622623814,3000,0.0531845064640327,1.94608889163467,0.0019671205360175
"splatter",172,"pca_raw","ok",0.0852597507552559,1.91284107990679,3000,0.082758100484872,1.91545493240131,0.0025016502703839
"splatter",172,"pca_shiftedlog","ok",0.0549179037209818,1.94430665922742,3000,0.052482074833121,1.94681064838559,0.00243582888786083
"splatter",173,"pca_libnorm","ok",0.0622118872786666,1.93678921178463,3000,0.0607193852474625,1.93832981172198,0.00149250203120408
"splatter",173,"pca_log","ok",0.0266587064845147,1.97316121339893,3000,0.0261524341419659,1.97367430530778,0.00050627234254879
"splatter",173,"pca_raw","ok",0.0593063147830746,1.93978729268642,3000,0.0576809960502419,1.94146233952633,0.00162531873283267
"splatter",173,"pca_shiftedlog","ok",0.0791241157869037,1.91924556449986,3000,0.0774331073920904,1.92100691576882,0.00169100839481326
"splatter",174,"pca_libnorm","ok",0.0454512816548049,1.95402018243947,3000,0.0439465575304527,1.95555970757177,0.00150472412435217
"splatter",174,"pca_log","ok",0.0169694634047919,1.98295792854534,3000,0.0162570691362018,1.98367631519237,0.000712394268590068
"splatter",174,"pca_raw","ok",0.0457862805113246,1.95367727067566,3000,0.045055092006163,1.95442565271114,0.000731188505161573
"splatter",174,"pca_shiftedlog","ok",0.0372052086770168,1.96244214317058,3000,0.0348187865680268,1.96487273219613,0.00238642210898996
"splatter",175,"pca_libnorm","ok",0.051339580132481,1.94798400390508,3000,0.0510853443862125,1.94824501088933,0.000254235746268539
"splatter",175,"pca_log","ok",0.0129745282035353,1.98698311195286,3000,0.0127666618930424,1.98719232899783,0.000207866310492924
"splatter",175,"pca_raw","ok",0.0467081821141601,1.95273328223374,3000,0.0462099870398376,1.95324346967823,0.000498195074322499
"splatter",175,"pca_shiftedlog","ok",0.0263385301177708,1.97348571809601,3000,0.0242710901976661,1.97557982354785,0.00206743992010473
"splatter",176,"pca_libnorm","ok",0.820287625237975,0.847849927197083,3000,0.816044876945716,0.857799797282056,0.00424274829225901
"splatter",176,"pca_log","ok",0.27923622481664,1.69795615394905,3000,0.277661950090508,1.69980945980365,0.00157427472613153
"splatter",176,"pca_raw","ok",0.694679001360152,1.10511718589451,3000,0.691272005076801,1.11126593563053,0.00340699628335117
"splatter",176,"pca_shiftedlog","ok",0.642347694839823,1.19608077513214,3000,0.582773260594855,1.29186181831517,0.0595744342449677
"splatter",177,"pca_libnorm","ok",0.676005628272876,1.13841006975013,3000,0.674240244419527,1.14150734659129,0.00176538385334857
"splatter",177,"pca_log","ok",0.234527760052838,1.74982540837326,3000,0.231452066650987,1.75333731306787,0.00307569340185063
"splatter",177,"pca_raw","ok",0.499160738460899,1.41539995978395,3000,0.497760290980434,1.41737745010927,0.00140044748046503
"splatter",177,"pca_shiftedlog","ok",0.483341833757871,1.43757875087541,3000,0.445636307562163,1.48911207427492,0.0377055261957078
"splatter",178,"pca_libnorm","ok",0.110043593599011,1.88675001672292,3000,0.109139545382236,1.88770808613807,0.000904048216775422
"splatter",178,"pca_log","ok",0.0900416237009716,1.90783476884035,3000,0.0887824202245533,1.90915434658955,0.00125920347641831
"splatter",178,"pca_raw","ok",0.135781100252005,1.8592674898981,3000,0.134714011044007,1.8604149955921,0.00106708920799778
"splatter",178,"pca_shiftedlog","ok",0.167939146047627,1.82434739449741,3000,0.152182030005861,1.84154062675157,0.0157571160417656
"splatter",179,"pca_libnorm","ok",0.141078128590013,1.85356075855094,3000,0.140720249195422,1.85394687173563,0.000357879394590921
"splatter",179,"pca_log","ok",0.0556416816328652,1.94356200659216,3000,0.0578147746720039,1.9413245224104,-0.00217309303913867
"splatter",179,"pca_raw","ok",0.143107624941279,1.85136962820364,3000,0.14236969837631,1.85216662492735,0.000737926564969432
"splatter",179,"pca_shiftedlog","ok",0.105704081480682,1.89134440916436,3000,0.10009845247598,1.89726281524097,0.00560562900470213
"splatter",180,"pca_libnorm","ok",0.110174490071321,1.88661125823915,3000,0.110101126574536,1.88668902941154,7.33634967845925e-05
"splatter",180,"pca_log","ok",0.0416965848082786,1.95785945889047,3000,0.0417695472171211,1.95778492463588,-7.29624088424974e-05
"splatter",180,"pca_raw","ok",0.0857927892193761,1.91228367224178,3000,0.0853679147264654,1.91272798408298,0.000424874492910718
"splatter",180,"pca_shiftedlog","ok",0.0814826084027345,1.9167862599646,3000,0.0729485827952633,1.92567018692687,0.00853402560747119
"splatter",211,"pca_libnorm","ok",0.260213933174316,1.72021634316813,3000,0.259758662718055,1.72074557942997,0.000455270456261148
"splatter",211,"pca_log","ok",0.340703421423004,1.62394159818264,3000,0.333561832134663,1.63271328513654,0.00714158928834108
"splatter",211,"pca_raw","ok",0.259562369849255,1.72097371293201,3000,0.255725317663788,1.72542711504857,0.00383705218546693
"splatter",211,"pca_shiftedlog","ok",0.338136092283541,1.62710037516615,3000,0.333710764419027,1.63253083962414,0.00442532786451438
"splatter",212,"pca_libnorm","ok",0.517599984793909,1.38910045022826,3000,0.512394691158393,1.39657482268815,0.00520529363551614
"splatter",212,"pca_log","ok",0.587656382260268,1.28427974793614,3000,0.577886227166321,1.29940566850184,0.00977015509394696
"splatter",212,"pca_raw","ok",0.463957386080893,1.46429862243889,3000,0.459001683560404,1.47105175495575,0.00495570252048949
"splatter",212,"pca_shiftedlog","ok",0.600283498891499,1.26446273350938,3000,0.594795602342004,1.27311334555568,0.00548789654949466
"splatter",213,"pca_libnorm","ok",0.252205619458244,1.72950210238873,3000,0.249841468821535,1.73223385393366,0.00236415063670911
"splatter",213,"pca_log","ok",0.348191992252196,1.61469254998938,3000,0.343665582588527,1.62028937836607,0.00452640966366874
"splatter",213,"pca_raw","ok",0.264430233168799,1.71530728072984,3000,0.261583706968092,1.71862304538477,0.0028465262007073
"splatter",213,"pca_shiftedlog","ok",0.355236846496727,1.60594290496677,3000,0.352388078352813,1.6094867773886,0.00284876814391383
"splatter",214,"pca_libnorm","ok",0.184256091179129,1.8063708465549,3000,0.181815055388863,1.80907152386094,0.00244103579026644
"splatter",214,"pca_log","ok",0.198303840255177,1.79074974214134,3000,0.193528662550078,1.79607498445908,0.00477517770509903
"splatter",214,"pca_raw","ok",0.193292897864341,1.79633749850707,3000,0.19063226047697,1.79929735121578,0.00266063738737093
"splatter",214,"pca_shiftedlog","ok",0.20942611174921,1.77828444097202,3000,0.206763497853279,1.781276510985,0.00266261389593056
"splatter",215,"pca_libnorm","ok",0.242632038536041,1.74053780362733,3000,0.23963930100598,1.74397327845815,0.00299273753006141
"splatter",215,"pca_log","ok",0.126142696861997,1.86960669996446,3000,0.124022447924283,1.87187344879478,0.00212024893771416
"splatter",215,"pca_raw","ok",0.188925265541333,1.80119375355198,3000,0.187129303103971,1.80318684211707,0.00179596243736208
"splatter",215,"pca_shiftedlog","ok",0.179983902060887,1.81109480474006,3000,0.175837761450243,1.81566763318594,0.00414614061064444
"splatter",216,"pca_libnorm","ok",0.885788209044973,0.675904700250049,3000,0.881648387428394,0.688045383885702,0.00413982161657889
"splatter",216,"pca_log","ok",0.770364842441831,0.958405253654568,3000,0.760992075484108,0.977768734447757,0.00937276695772293
"splatter",216,"pca_raw","ok",0.69188026042572,1.11017068881191,3000,0.688483315479308,1.11627359463653,0.00339694494641207
"splatter",216,"pca_shiftedlog","ok",0.911205541371153,0.595967981115921,3000,0.904360978866926,0.618511183837686,0.00684456250422727
"splatter",217,"pca_libnorm","ok",0.668269518407956,1.15192097227552,3000,0.666367983124541,1.15521775761189,0.00190153528341508
"splatter",217,"pca_log","ok",0.657216243958734,1.17095474898267,3000,0.649810869484873,1.1835356023629,0.00740537447386092
"splatter",217,"pca_raw","ok",0.497374347301326,1.41792193395641,3000,0.495209484127503,1.42097222474262,0.00216486317382258
"splatter",217,"pca_shiftedlog","ok",0.898567570807005,0.636969164694791,3000,0.892255252992619,0.656489899411655,0.00631231781438613
"splatter",218,"pca_libnorm","ok",0.470452126309081,1.45540080210356,3000,0.469873133792093,1.45619623156758,0.000578992516987564
"splatter",218,"pca_log","ok",0.6885406320061,1.11617089729826,3000,0.681305050266949,1.12906146818152,0.00723558173915062
"splatter",218,"pca_raw","ok",0.393490796621033,1.55757401542138,3000,0.392146079214522,1.55929974127552,0.00134471740651138
"splatter",218,"pca_shiftedlog","ok",0.761141012334857,0.977464040597184,3000,0.765557593656936,0.968385060485888,-0.00441658132207923
"splatter",219,"pca_libnorm","ok",0.285632697101189,1.69040504364937,3000,0.284550831828097,1.69168456654532,0.00108186527309212
"splatter",219,"pca_log","ok",0.314375465526351,1.65604895395474,3000,0.309032950046383,1.66248855629579,0.00534251547996784
"splatter",219,"pca_raw","ok",0.33699692765986,1.62850001208491,3000,0.335840447646221,1.62991969416138,0.00115648001363911
"splatter",219,"pca_shiftedlog","ok",0.323612493716143,1.64485562440459,3000,0.321557326459126,1.64735263200187,0.00205516725701743
"splatter",220,"pca_libnorm","ok",0.159960106291794,1.83307380506973,3000,0.160383396953571,1.83261190986682,-0.000423290661776515
"splatter",220,"pca_log","ok",0.143067344206293,1.85141314221727,3000,0.139661371209653,1.85508881597658,0.00340597299663956
"splatter",220,"pca_raw","ok",0.177338591245146,1.81401368104527,3000,0.176575651430571,1.81485464825085,0.00076293981457537
"splatter",220,"pca_shiftedlog","ok",0.21100517013593,1.77650761874423,3000,0.206588489619718,1.78147299769632,0.00441668051621227
"splatter",221,"pca_libnorm","ok",0.985630892845197,0.239742421400992,3000,0.984223297914634,0.251210685165786,0.00140759493056331
"splatter",221,"pca_log","ok",0.603284429621424,1.25970722055337,3000,0.601774696345623,1.26210190342044,0.00150973327580062
"splatter",221,"pca_raw","ok",0.74666699174529,1.00664394550349,3000,0.745803040176109,1.00835898334649,0.000863951569180954
"splatter",221,"pca_shiftedlog","ok",0.819229018867722,0.850343415644004,3000,0.790043116464207,0.916421046322689,0.029185902403515
"splatter",222,"pca_libnorm","ok",0.975955048531067,0.310128692441916,3000,0.974383976507127,0.320100131164438,0.0015710720239398
"splatter",222,"pca_log","ok",0.625269729046617,1.22430432647015,3000,0.623472542863193,1.22723666362574,0.00179718618342406
"splatter",222,"pca_raw","ok",0.739694200829644,1.02040344799566,3000,0.738708667341048,1.02233327767211,0.000985533488595536
"splatter",222,"pca_shiftedlog","ok",0.830751188208537,0.822797209016809,3000,0.803582071487784,0.886381246444702,0.0271691167207534
"splatter",223,"pca_libnorm","ok",0.695984598064908,1.1027518341587,3000,0.694595750633931,1.1052678396951,0.00138884743097734
"splatter",223,"pca_log","ok",0.684466255758751,1.1234478078509,3000,0.677479688632965,1.13581743491995,0.00698656712578583
"splatter",223,"pca_raw","ok",0.476144841436879,1.44755678101154,3000,0.475621800106147,1.44827925469345,0.000523041330732277
"splatter",223,"pca_shiftedlog","ok",0.856181433065985,0.758468369634528,3000,0.833197198771965,0.816829973074043,0.0229842342940202
"splatter",224,"pca_libnorm","ok",0.188600612553637,1.80155420395431,3000,0.187889888251668,1.80234304364994,0.000710724301968613
"splatter",224,"pca_log","ok",0.51720133191562,1.38967430441004,3000,0.514822444034062,1.39309375989693,0.00237888788155838
"splatter",224,"pca_raw","ok",0.178469588556981,1.81276629651262,3000,0.178039538318167,1.81324070292042,0.000430050238813734
"splatter",224,"pca_shiftedlog","ok",0.489710673320874,1.42869076665194,3000,0.501315151430758,1.41235243274367,-0.0116044781098838
"splatter",225,"pca_libnorm","ok",0.195422179309504,1.79396524012088,3000,0.193619667808675,1.79597364367223,0.00180251150082919
"splatter",225,"pca_log","ok",0.141686467753614,1.85290424172043,3000,0.157467191284818,1.83579171881255,-0.0157807235312042
"splatter",225,"pca_raw","ok",0.114501928918081,1.88201814133862,3000,0.114222667320119,1.88231488617593,0.000279261597962155
"splatter",225,"pca_shiftedlog","ok",0.159015657134557,1.83410396964343,3000,0.154912620517493,1.83857268497333,0.00410303661706365
"splatter",256,"pca_libnorm","ok",0.859857940221346,0.748711051818132,3000,0.857681293493502,0.754503032482967,0.00217664672784446
"splatter",256,"pca_log","ok",0.922539444393854,0.556634729804548,3000,0.91800983101609,0.572678510104614,0.00452961337776436
"splatter",256,"pca_raw","ok",0.670139934141677,1.14866890940484,3000,0.667841503634081,1.15266386490758,0.00229843050759571
"splatter",256,"pca_shiftedlog","ok",0.945534886984246,0.46675523785279,3000,0.942227527824324,0.480718096916172,0.00330735915992231
"splatter",257,"pca_libnorm","ok",0.835838644108056,0.810336611271992,3000,0.832965866298949,0.817396192066126,0.00287277780910722
"splatter",257,"pca_log","ok",0.931534568286276,0.523317997832001,3000,0.927270647539216,0.53936760177372,0.0042639207470605
"splatter",257,"pca_raw","ok",0.646975342925699,1.18831756205873,3000,0.644932809858524,1.19175029287427,0.0020425330671755
"splatter",257,"pca_shiftedlog","ok",0.950548874648293,0.444752179766247,3000,0.947396143602682,0.458710612030364,0.00315273104561109
"splatter",258,"pca_libnorm","ok",0.451791142727833,1.48082255151948,3000,0.434863002458769,1.50351188560813,0.0169281402690645
"splatter",258,"pca_log","ok",0.902987488698948,0.622936630167313,3000,0.8969734233323,0.641955065928139,0.00601406536664817
"splatter",258,"pca_raw","ok",0.35135279670394,1.61077273790695,3000,0.350106401315085,1.61231956966963,0.00124639538885457
"splatter",258,"pca_shiftedlog","ok",0.898436056430274,0.637381968900049,3000,0.896208993890378,0.644332231413645,0.00222706253989613
"splatter",259,"pca_libnorm","ok",0.269738449287624,1.70910684360268,3000,0.265427829256419,1.71414371712944,0.00431062003120519
"splatter",259,"pca_log","ok",0.791765296098866,0.912654817334864,3000,0.784367001246026,0.928726006428106,0.00739829485284027
"splatter",259,"pca_raw","ok",0.210736210774215,1.77681038856236,3000,0.209882315401046,1.77777128405085,0.000853895373168795
"splatter",259,"pca_shiftedlog","ok",0.703834327508077,1.08842211019792,3000,0.710017770981597,1.07699996103696,-0.00618344347352051
"splatter",260,"pca_libnorm","ok",0.19533441932012,1.79406307657215,3000,0.193543528824373,1.79605843020279,0.00179089049574707
"splatter",260,"pca_log","ok",0.676657259023437,1.13726468506951,3000,0.668646431500977,1.15126637838343,0.00801082752246018
"splatter",260,"pca_raw","ok",0.141782507540844,1.85280057476152,3000,0.141153193006841,1.85347976195389,0.000629314534003139
"splatter",260,"pca_shiftedlog","ok",0.524653434542129,1.37890763353877,3000,0.528509122392868,1.37330386674928,-0.00385568785073931
"splatter",261,"pca_libnorm","ok",0.965035910412539,0.37397374018752,3000,0.96348647428507,0.382170253760964,0.00154943612746949
"splatter",261,"pca_log","ok",0.845001799059107,0.78739621777322,3000,0.844630760425184,0.788338098977377,0.000371038633923182
"splatter",261,"pca_raw","ok",0.731863738381128,1.03563750727534,3000,0.730706967018265,1.03786903409194,0.00115677136286341
"splatter",261,"pca_shiftedlog","ok",0.950463896835061,0.445134151306947,3000,0.947074066307367,0.460112741369473,0.00338983052769404
"splatter",262,"pca_libnorm","ok",0.965738065309559,0.370199593141001,3000,0.964503536036792,0.376810105826304,0.00123452927276746
"splatter",262,"pca_log","ok",0.870722783342493,0.719102820624441,3000,0.870124109684891,0.720765954565305,0.000598673657602466
"splatter",262,"pca_raw","ok",0.732474724423756,1.03445691176819,3000,0.731431397020621,1.03647209895757,0.00104332740313506
"splatter",262,"pca_shiftedlog","ok",0.966608026771417,0.365469414471764,3000,0.963774949973633,0.3806575890554,0.00283307679778355
"splatter",263,"pca_libnorm","ok",0.849110611153442,0.776889667447208,3000,0.846981811624454,0.782350786733282,0.0021287995289877
"splatter",263,"pca_log","ok",0.835972711695279,0.810005650115408,3000,0.834315070434623,0.81408827424396,0.0016576412606556
"splatter",263,"pca_raw","ok",0.630707884452782,1.21538819403056,3000,0.630025681466222,1.21651028525661,0.000682202986559965
"splatter",263,"pca_shiftedlog","ok",0.947650542112156,0.457600078181131,3000,0.943052012222056,0.477275550507015,0.00459852989009979
"splatter",264,"pca_libnorm","ok",0.416476466087309,1.5277742423705,3000,0.416213308083408,1.52811870208645,0.000263158003901309
"splatter",264,"pca_log","ok",0.789749798758672,0.917060960332143,3000,0.782939460003948,0.931795127688597,0.00681033875472403
"splatter",264,"pca_raw","ok",0.300382646387298,1.67286264064053,3000,0.299918541313134,1.67341741198885,0.000464105074163834
"splatter",264,"pca_shiftedlog","ok",0.914425463405863,0.585062514930282,3000,0.907542287480576,0.608137196755549,0.00688317592528731
"splatter",265,"pca_libnorm","ok",0.346460579881172,1.6168356999013,3000,0.341491130511314,1.62297118827006,0.00496944936985755
"splatter",265,"pca_log","ok",0.691777472283514,1.11035584875568,3000,0.68088704908198,1.1298016656352,0.0108904232015337
"splatter",265,"pca_raw","ok",0.238461222728653,1.74532378345263,3000,0.2381013951287,1.74573606810571,0.000359827599952872
"splatter",265,"pca_shiftedlog","ok",0.809620734014032,0.872649450778418,3000,0.809957130040993,0.871878133592092,-0.00033639602696145
"splatter",266,"pca_libnorm","ok",0.993963649178599,0.155387912289221,3000,0.993330542799226,0.163333489533212,0.000633106379373416
"splatter",266,"pca_log","ok",0.618678130040714,1.23502529522158,3000,0.620217840311269,1.23252936628501,-0.00153971027055499
"splatter",266,"pca_raw","ok",0.746923398585274,1.00613438747461,3000,0.746457116343295,1.00706083958558,0.000466282241978977
"splatter",266,"pca_shiftedlog","ok",0.798608786385438,0.897532648129442,3000,0.776782735872001,0.944917486615629,0.0218260505134367
"splatter",267,"pca_libnorm","ok",0.993073656309197,0.166449315898903,3000,0.992372408384241,0.174672168541626,0.00070124792495585
"splatter",267,"pca_log","ok",0.637609420881337,1.20397770597078,3000,0.638613143477229,1.20230920569173,-0.00100372259589177
"splatter",267,"pca_raw","ok",0.746279806017172,1.00741291233104,3000,0.745761245628063,1.00844187610777,0.000518560389109135
"splatter",267,"pca_shiftedlog","ok",0.819000599863197,0.850880485466209,3000,0.796349460330324,0.902553133437974,0.0226511395328729
"splatter",268,"pca_libnorm","ok",0.924485855362728,0.549596741756251,3000,0.923034774945164,0.554852142664461,0.00145108041756425
"splatter",268,"pca_log","ok",0.608688188383767,1.25109841597891,3000,0.606442373830057,1.2546834280725,0.00224581455370965
"splatter",268,"pca_raw","ok",0.681371982683198,1.12894289902865,3000,0.680972676372894,1.1296500761335,0.000399306310304159
"splatter",268,"pca_shiftedlog","ok",0.769977319659973,0.959213595274853,3000,0.747520237333397,1.00494728750637,0.0224570823265757
"splatter",269,"pca_libnorm","ok",0.523762155837026,1.38019975969129,3000,0.518791603709355,1.38738371951042,0.00497055212767117
"splatter",269,"pca_log","ok",0.629516676328297,1.2173468259649,3000,0.617284940646413,1.23727936918642,0.0122317356818843
"splatter",269,"pca_raw","ok",0.406821706532699,1.54036137768681,3000,0.406568598890713,1.54068997674326,0.000253107641986383
"splatter",269,"pca_shiftedlog","ok",0.782166634804863,0.933452441627611,3000,0.754179584184955,0.991605598643019,0.0279870506199077
"splatter",270,"pca_libnorm","ok",0.305182145967665,1.66711469795253,3000,0.30091444157092,1.67222672915975,0.00426770439674479
"splatter",270,"pca_log","ok",0.592961273662156,1.27599173404508,3000,0.570687523826275,1.31043882142391,0.0222737498358812
"splatter",270,"pca_raw","ok",0.22265799725942,1.76334001569814,3000,0.222415979920954,1.76361449311242,0.000242017338466377
"splatter",270,"pca_shiftedlog","ok",0.76610298019048,0.967258021025456,3000,0.728960993811678,1.04122813290522,0.0371419863788017
"symsim",166,"pca_libnorm","ok",0.481000014248848,1.44083307256761,2000,0.481000014248848,1.44083307256761,-1.66533453693773e-16
"symsim",166,"pca_log","ok",0.166471378086727,1.82595577373963,2000,0.166471378086727,1.82595577373963,-3.33066907387547e-16
"symsim",166,"pca_raw","ok",0.48798894026815,1.43109896196154,2000,0.48798894026815,1.43109896196154,-3.88578058618805e-16
"symsim",166,"pca_shiftedlog","ok",0.268593612479324,1.71044600911069,2000,0.268593612479324,1.71044600911069,-5.55111512312578e-17
"symsim",167,"pca_libnorm","ok",0.452839152735371,1.47940643132931,2000,0.452839152735371,1.47940643132931,-3.88578058618805e-16
"symsim",167,"pca_log","ok",0.344846680034703,1.61883083732093,2000,0.344846680034703,1.61883083732093,1.11022302462516e-16
"symsim",167,"pca_raw","ok",0.464174727072757,1.46400173897061,2000,0.464174727072757,1.46400173897061,-3.88578058618805e-16
"symsim",167,"pca_shiftedlog","ok",0.316475055022478,1.65351134858824,2000,0.316475055022478,1.65351134858824,5.55111512312578e-17
"symsim",168,"pca_libnorm","ok",0.463770135972455,1.46455435409894,2000,0.463770135972455,1.46455435409895,4.9960036108132e-16
"symsim",168,"pca_log","ok",0.320026019263296,1.64921069695379,2000,0.320026019263297,1.64921069695379,-6.10622663543836e-16
"symsim",168,"pca_raw","ok",0.442353529416032,1.4935146073393,2000,0.442353529416032,1.4935146073393,-1.66533453693773e-16
"symsim",168,"pca_shiftedlog","ok",0.402179619556345,1.54637690159114,2000,0.402179619556345,1.54637690159114,2.22044604925031e-16
"symsim",169,"pca_libnorm","ok",0.462905414949839,1.46573474414733,2000,0.462905414949839,1.46573474414733,1.66533453693773e-16
"symsim",169,"pca_log","ok",0.306791404717264,1.66518298728126,2000,0.306791404717264,1.66518298728126,-4.9960036108132e-16
"symsim",169,"pca_raw","ok",0.438723115033796,1.49836829246511,2000,0.438723115033796,1.49836829246511,2.77555756156289e-16
"symsim",169,"pca_shiftedlog","ok",0.443375344869341,1.49214564320064,2000,0.44337534486934,1.49214564320064,8.88178419700125e-16
"symsim",170,"pca_libnorm","ok",0.460740837003626,1.46868534818915,2000,0.460740837003626,1.46868534818915,-3.88578058618805e-16
"symsim",170,"pca_log","ok",0.291366486821345,1.68360745208455,2000,0.291366486821345,1.68360745208455,-3.33066907387547e-16
"symsim",170,"pca_raw","ok",0.468183374748217,1.45851516996126,2000,0.468183374748217,1.45851516996126,-1.66533453693773e-16
"symsim",170,"pca_shiftedlog","ok",0.439189327227831,1.49774586999553,2000,0.43918932722783,1.49774586999553,6.66133814775094e-16
"symsim",171,"pca_libnorm","ok",0.320645249491446,1.6484595845923,2000,0.320645249491446,1.6484595845923,5.55111512312578e-17
"symsim",171,"pca_log","ok",0.130608396368931,1.86482342717059,2000,0.130608396368931,1.86482342717059,-1.66533453693773e-16
"symsim",171,"pca_raw","ok",0.312792440975994,1.65795966057562,2000,0.312792440975994,1.65795966057562,-2.22044604925031e-16
"symsim",171,"pca_shiftedlog","ok",0.215923636018661,1.77096173192008,2000,0.21592363601866,1.77096173192008,7.49400541621981e-16
"symsim",172,"pca_libnorm","ok",0.274988354086888,1.70295231396902,2000,0.274988354086887,1.70295231396902,6.10622663543836e-16
"symsim",172,"pca_log","ok",0.137896149780491,1.85699095336462,2000,0.137896149780491,1.85699095336462,1.94289029309402e-16
"symsim",172,"pca_raw","ok",0.3108662197671,1.66028163903947,2000,0.3108662197671,1.66028163903947,-5.55111512312578e-17
"symsim",172,"pca_shiftedlog","ok",0.241553225030861,1.74177699487522,2000,0.241553225030861,1.74177699487522,-1.66533453693773e-16
"symsim",173,"pca_libnorm","ok",0.263830213823205,1.71600674378255,2000,0.263830213823205,1.71600674378255,0
"symsim",173,"pca_log","ok",0.172354046440316,1.81950097945528,2000,0.172354046440316,1.81950097945528,3.60822483003176e-16
"symsim",173,"pca_raw","ok",0.319187288277712,1.65022751367475,2000,0.319187288277712,1.65022751367475,-4.44089209850063e-16
"symsim",173,"pca_shiftedlog","ok",0.286147072305976,1.68979635186495,2000,0.286147072305977,1.68979635186495,-5.55111512312578e-16
"symsim",174,"pca_libnorm","ok",0.255729629952719,1.7254221165237,2000,0.255729629952719,1.7254221165237,-2.77555756156289e-16
"symsim",174,"pca_log","ok",0.239097186702183,1.74459486792529,2000,0.239097186702183,1.74459486792529,2.4980018054066e-16
"symsim",174,"pca_raw","ok",0.329705371036998,1.63743046137905,2000,0.329705371036998,1.63743046137905,-5.55111512312578e-17
"symsim",174,"pca_shiftedlog","ok",0.257007624317032,1.72394010996086,2000,0.257007624317032,1.72394010996086,0
"symsim",175,"pca_libnorm","ok",0.246484836343158,1.73610502407757,2000,0.246484836343159,1.73610502407757,-4.9960036108132e-16
"symsim",175,"pca_log","ok",0.0793943620153928,1.91896392669024,2000,0.0793943620153928,1.91896392669024,-1.38777878078145e-17
"symsim",175,"pca_raw","ok",0.315618334190853,1.65454726835971,2000,0.315618334190853,1.65454726835971,1.11022302462516e-16
"symsim",175,"pca_shiftedlog","ok",0.238202966136206,1.74561969954947,2000,0.238202966136206,1.74561969954947,8.32667268468867e-17
"symsim",176,"pca_libnorm","ok",0.501145789879022,1.41259224140723,2000,0.501145789879022,1.41259224140723,-1.11022302462516e-16
"symsim",176,"pca_log","ok",0.124951869313112,1.87088014654802,2000,0.124951869313113,1.87088014654802,-7.07767178198537e-16
"symsim",176,"pca_raw","ok",0.541723951024837,1.35392178352394,2000,0.541723951024837,1.35392178352394,4.44089209850063e-16
"symsim",176,"pca_shiftedlog","ok",0.220533341277528,1.76574817991974,2000,0.220533341277528,1.76574817991974,-1.66533453693773e-16
"symsim",177,"pca_libnorm","ok",0.38848038901223,1.56399438744232,2000,0.38848038901223,1.56399438744232,-3.33066907387547e-16
"symsim",177,"pca_log","ok",0.195321708385226,1.79407724651396,2000,0.195321708385225,1.79407724651396,5.82867087928207e-16
"symsim",177,"pca_raw","ok",0.487908195578811,1.43121180042814,2000,0.487908195578811,1.43121180042814,-4.44089209850063e-16
"symsim",177,"pca_shiftedlog","ok",0.37421942864587,1.58212587533879,2000,0.374219428645869,1.58212587533879,5.55111512312578e-16
"symsim",178,"pca_libnorm","ok",0.360868459576557,1.59891405700675,2000,0.360868459576557,1.59891405700675,1.66533453693773e-16
"symsim",178,"pca_log","ok",0.24009085338204,1.74345535832491,2000,0.240090853382039,1.74345535832491,6.38378239159465e-16
"symsim",178,"pca_raw","ok",0.433266769738853,1.50563372738677,2000,0.433266769738853,1.50563372738677,-5.55111512312578e-17
"symsim",178,"pca_shiftedlog","ok",0.381279712361924,1.57317549896771,2000,0.381279712361924,1.57317549896771,-5.55111512312578e-17
"symsim",179,"pca_libnorm","ok",0.353563730835975,1.60802521020539,2000,0.353563730835975,1.60802521020539,-5.55111512312578e-17
"symsim",179,"pca_log","ok",0.206162955686769,1.78195066633533,2000,0.206162955686768,1.78195066633533,5.82867087928207e-16
"symsim",179,"pca_raw","ok",0.398766694803146,1.55078471129535,2000,0.398766694803146,1.55078471129535,3.88578058618805e-16
"symsim",179,"pca_shiftedlog","ok",0.29999743516054,1.67332311863484,2000,0.29999743516054,1.67332311863484,3.88578058618805e-16
"symsim",180,"pca_libnorm","ok",0.347458855411132,1.61560037705971,2000,0.347458855411132,1.61560037705971,5.55111512312578e-17
"symsim",180,"pca_log","ok",0.186222707524131,1.80419211003249,2000,0.18622270752413,1.80419211003249,8.60422844084496e-16
"symsim",180,"pca_raw","ok",0.404853318533774,1.5429150092811,2000,0.404853318533774,1.5429150092811,-3.33066907387547e-16
"symsim",180,"pca_shiftedlog","ok",0.274158125829099,1.7039270808,2000,0.274158125829099,1.7039270808,-4.44089209850063e-16
"symsim",211,"pca_libnorm","ok",0.826956349890221,0.831970312234226,2000,0.826956349890222,0.831970312234225,-9.99200722162641e-16
"symsim",211,"pca_log","ok",0.0989927565266958,1.89842802705112,2000,0.0989927565266959,1.89842802705112,-9.71445146547012e-17
"symsim",211,"pca_raw","ok",0.743336412672707,1.01323953205013,2000,0.743336412672707,1.01323953205013,-1.11022302462516e-16
"symsim",211,"pca_shiftedlog","ok",0.347983158474864,1.61495119619775,2000,0.347983158474865,1.61495119619775,-6.66133814775094e-16
"symsim",212,"pca_libnorm","ok",0.626708265388552,1.221952101535,2000,0.626708265388552,1.221952101535,-2.22044604925031e-16
"symsim",212,"pca_log","ok",0.235995574183442,1.74814693411802,2000,0.235995574183442,1.74814693411802,3.05311331771918e-16
"symsim",212,"pca_raw","ok",0.69553461871962,1.10356763504623,2000,0.69553461871962,1.10356763504623,4.44089209850063e-16
"symsim",212,"pca_shiftedlog","ok",0.675603014501609,1.13911717658613,2000,0.675603014501609,1.13911717658613,3.33066907387547e-16
"symsim",213,"pca_libnorm","ok",0.559805970833933,1.32694239387558,2000,0.559805970833933,1.32694239387558,0
"symsim",213,"pca_log","ok",0.372219490505818,1.5846520242554,2000,0.372219490505818,1.5846520242554,4.9960036108132e-16
"symsim",213,"pca_raw","ok",0.639302258479624,1.2011623396034,2000,0.639302258479624,1.2011623396034,2.22044604925031e-16
"symsim",213,"pca_shiftedlog","ok",0.488528551783409,1.43034464128977,2000,0.488528551783409,1.43034464128977,-1.11022302462516e-16
"symsim",214,"pca_libnorm","ok",0.539703176829317,1.35690356793795,2000,0.539703176829317,1.35690356793795,-3.33066907387547e-16
"symsim",214,"pca_log","ok",0.442907795976093,1.49277219162725,2000,0.442907795976093,1.49277219162725,1.66533453693773e-16
"symsim",214,"pca_raw","ok",0.614539961282894,1.24170856277487,2000,0.614539961282894,1.24170856277487,-3.33066907387547e-16
"symsim",214,"pca_shiftedlog","ok",0.504006438468495,1.40853620689211,2000,0.504006438468495,1.40853620689211,1.11022302462516e-16
"symsim",215,"pca_libnorm","ok",0.505499915850591,1.40641399900514,2000,0.505499915850591,1.40641399900514,-2.22044604925031e-16
"symsim",215,"pca_log","ok",0.357441084139897,1.60319545391085,2000,0.357441084139897,1.60319545391085,0
"symsim",215,"pca_raw","ok",0.613486374637317,1.24340439980351,2000,0.613486374637317,1.24340439980351,0
"symsim",215,"pca_shiftedlog","ok",0.432501739013223,1.50664960888294,2000,0.432501739013223,1.50664960888294,1.66533453693773e-16
"symsim",216,"pca_libnorm","ok",0.642394118919224,1.19600314561589,2000,0.642394118919224,1.19600314561589,1.11022302462516e-16
"symsim",216,"pca_log","ok",0.103367604549148,1.89381350238174,2000,0.103367604549148,1.89381350238174,-4.16333634234434e-16
"symsim",216,"pca_raw","ok",0.635909795549707,1.20679775347867,2000,0.635909795549707,1.20679775347867,4.44089209850063e-16
"symsim",216,"pca_shiftedlog","ok",0.224166387756102,1.76162835154739,2000,0.224166387756102,1.76162835154739,-2.77555756156289e-17
"symsim",217,"pca_libnorm","ok",0.498561661910114,1.41624621883327,2000,0.498561661910114,1.41624621883327,-2.22044604925031e-16
"symsim",217,"pca_log","ok",0.13937107890221,1.85540175821604,2000,0.13937107890221,1.85540175821604,2.4980018054066e-16
"symsim",217,"pca_raw","ok",0.516603787902247,1.39053401554619,2000,0.516603787902247,1.39053401554619,1.11022302462516e-16
"symsim",217,"pca_shiftedlog","ok",0.45877968615446,1.47135354533918,2000,0.45877968615446,1.47135354533917,-1.66533453693773e-16
"symsim",218,"pca_libnorm","ok",0.426829180660851,1.51416091527836,2000,0.426829180660851,1.51416091527836,0
"symsim",218,"pca_log","ok",0.332236199468969,1.63433631854772,2000,0.332236199468969,1.63433631854772,-1.11022302462516e-16
"symsim",218,"pca_raw","ok",0.46242725043436,1.46638705608804,2000,0.46242725043436,1.46638705608804,-1.11022302462516e-16
"symsim",218,"pca_shiftedlog","ok",0.414584836856912,1.53024855908194,2000,0.414584836856912,1.53024855908194,-5.55111512312578e-17
"symsim",219,"pca_libnorm","ok",0.393072316278194,1.55811127166426,2000,0.393072316278195,1.55811127166426,-7.7715611723761e-16
"symsim",219,"pca_log","ok",0.313051703893522,1.65764688170488,2000,0.313051703893521,1.65764688170488,6.66133814775094e-16
"symsim",219,"pca_raw","ok",0.439997408738819,1.49666641742398,2000,0.439997408738819,1.49666641742398,-2.77555756156289e-16
"symsim",219,"pca_shiftedlog","ok",0.352847900166537,1.6089152865623,2000,0.352847900166537,1.6089152865623,5.55111512312578e-17
"symsim",220,"pca_libnorm","ok",0.388073194415098,1.56451501186138,2000,0.388073194415098,1.56451501186138,2.22044604925031e-16
"symsim",220,"pca_log","ok",0.316208382270022,1.65383387041139,2000,0.316208382270022,1.65383387041139,-3.88578058618805e-16
"symsim",220,"pca_raw","ok",0.433868345470332,1.5048344155151,2000,0.433868345470332,1.5048344155151,-5.55111512312578e-17
"symsim",220,"pca_shiftedlog","ok",0.3554241250846,1.60570965609029,2000,0.3554241250846,1.60570965609029,-2.22044604925031e-16
"symsim",221,"pca_libnorm","ok",0.553720913520811,1.33608246224429,2000,0.553720913520812,1.33608246224429,-5.55111512312578e-16
"symsim",221,"pca_log","ok",0.112596326541598,1.88404211572714,2000,0.112596326541598,1.88404211572714,4.30211422042248e-16
"symsim",221,"pca_raw","ok",0.526201771899167,1.37666005695064,2000,0.526201771899167,1.37666005695064,-1.11022302462516e-16
"symsim",221,"pca_shiftedlog","ok",0.178084913821146,1.81319065316238,2000,0.178084913821146,1.81319065316238,3.88578058618805e-16
"symsim",222,"pca_libnorm","ok",0.499065966318854,1.41553386915488,2000,0.499065966318854,1.41553386915488,1.11022302462516e-16
"symsim",222,"pca_log","ok",0.106985067306081,1.88998934673603,2000,0.106985067306081,1.88998934673603,-4.02455846426619e-16
"symsim",222,"pca_raw","ok",0.515278473031321,1.39243890633475,2000,0.515278473031321,1.39243890633475,3.33066907387547e-16
"symsim",222,"pca_shiftedlog","ok",0.241723017092085,1.74158201978306,2000,0.241723017092086,1.74158201978306,-7.7715611723761e-16
"symsim",223,"pca_libnorm","ok",0.472107366339895,1.45312440439228,2000,0.472107366339896,1.45312440439228,-5.55111512312578e-16
"symsim",223,"pca_log","ok",0.160571460523183,1.83240665735182,2000,0.160571460523183,1.83240665735182,-3.05311331771918e-16
"symsim",223,"pca_raw","ok",0.496472852553332,1.41919293606848,2000,0.496472852553332,1.41919293606848,0
"symsim",223,"pca_shiftedlog","ok",0.279151266967955,1.69805622172182,2000,0.279151266967955,1.69805622172182,0
"symsim",224,"pca_libnorm","ok",0.465530227765503,1.46214879165494,2000,0.465530227765503,1.46214879165494,1.11022302462516e-16
"symsim",224,"pca_log","ok",0.233598678822607,1.75088699941189,2000,0.233598678822607,1.75088699941189,1.66533453693773e-16
"symsim",224,"pca_raw","ok",0.48360513518752,1.43721239183703,2000,0.48360513518752,1.43721239183703,-3.88578058618805e-16
"symsim",224,"pca_shiftedlog","ok",0.395953331205554,1.55440878638078,2000,0.395953331205554,1.55440878638078,3.33066907387547e-16
"symsim",225,"pca_libnorm","ok",0.451732674257651,1.48090151697181,2000,0.451732674257651,1.48090151697181,-4.9960036108132e-16
"symsim",225,"pca_log","ok",0.297695888618338,1.67607173042404,2000,0.297695888618338,1.67607173042404,5.55111512312578e-17
"symsim",225,"pca_raw","ok",0.476237409124285,1.44742888029183,2000,0.476237409124285,1.44742888029183,-3.33066907387547e-16
"symsim",225,"pca_shiftedlog","ok",0.411340857215052,1.53448250923228,2000,0.411340857215053,1.53448250923228,-4.9960036108132e-16
"symsim",256,"pca_libnorm","ok",0.709112987964075,1.07867884383801,2000,0.709112987964074,1.07867884383801,6.66133814775094e-16
"symsim",256,"pca_log","ok",0.118498547415241,1.87776617562971,2000,0.118498547415241,1.87776617562971,6.93889390390723e-17
"symsim",256,"pca_raw","ok",0.658578565260522,1.16862557688847,2000,0.658578565260522,1.16862557688847,-4.44089209850063e-16
"symsim",256,"pca_shiftedlog","ok",0.372256977810431,1.58460471056926,2000,0.372256977810431,1.58460471056926,-1.66533453693773e-16
"symsim",257,"pca_libnorm","ok",0.663254982099544,1.16059470600284,2000,0.663254982099544,1.16059470600284,-1.11022302462516e-16
"symsim",257,"pca_log","ok",0.223679345276138,1.7621812105727,2000,0.223679345276138,1.7621812105727,-4.44089209850063e-16
"symsim",257,"pca_raw","ok",0.614378610339531,1.24196842095195,2000,0.614378610339531,1.24196842095195,2.22044604925031e-16
"symsim",257,"pca_shiftedlog","ok",0.487833515205038,1.43131615626313,2000,0.487833515205037,1.43131615626313,5.55111512312578e-16
"symsim",258,"pca_libnorm","ok",0.625292684288323,1.22426682665451,2000,0.625292684288324,1.22426682665451,-9.99200722162641e-16
"symsim",258,"pca_log","ok",0.335753230138681,1.63002671126742,2000,0.335753230138681,1.63002671126742,-2.22044604925031e-16
"symsim",258,"pca_raw","ok",0.513264751536578,1.39532827458404,2000,0.513264751536578,1.39532827458404,3.33066907387547e-16
"symsim",258,"pca_shiftedlog","ok",0.544277329959575,1.35014468860256,2000,0.544277329959576,1.35014468860256,-8.88178419700125e-16
"symsim",259,"pca_libnorm","ok",0.587456231282744,1.28459140385923,2000,0.587456231282744,1.28459140385923,-3.33066907387547e-16
"symsim",259,"pca_log","ok",0.395191716234585,1.55538841935436,2000,0.395191716234585,1.55538841935436,4.44089209850063e-16
"symsim",259,"pca_raw","ok",0.520938274107133,1.38428570157012,2000,0.520938274107133,1.38428570157012,0
"symsim",259,"pca_shiftedlog","ok",0.530497173008076,1.37040552683054,2000,0.530497173008076,1.37040552683054,0
"symsim",260,"pca_libnorm","ok",0.560521008248195,1.32586423400257,2000,0.560521008248196,1.32586423400257,-6.66133814775094e-16
"symsim",260,"pca_log","ok",0.449355324195309,1.48410872351683,2000,0.449355324195309,1.48410872351683,-3.33066907387547e-16
"symsim",260,"pca_raw","ok",0.522750958565209,1.38166427388826,2000,0.522750958565209,1.38166427388826,-4.44089209850063e-16
"symsim",260,"pca_shiftedlog","ok",0.499476021998364,1.4149543851328,2000,0.499476021998364,1.4149543851328,2.77555756156289e-16
"symsim",261,"pca_libnorm","ok",0.651744909724173,1.18026283560201,2000,0.651744909724173,1.18026283560201,1.11022302462516e-16
"symsim",261,"pca_log","ok",0.0910595757942081,1.90676734208009,2000,0.0910595757942081,1.90676734208009,-5.55111512312578e-17
"symsim",261,"pca_raw","ok",0.690159717560248,1.113265974401,2000,0.690159717560248,1.113265974401,1.11022302462516e-16
"symsim",261,"pca_shiftedlog","ok",0.177435303617345,1.81390704985967,2000,0.177435303617345,1.81390704985967,4.44089209850063e-16
"symsim",262,"pca_libnorm","ok",0.638918531278054,1.20180109622507,2000,0.638918531278054,1.20180109622507,2.22044604925031e-16
"symsim",262,"pca_log","ok",0.0993463537786848,1.8980554746596,2000,0.0993463537786847,1.8980554746596,8.32667268468867e-17
"symsim",262,"pca_raw","ok",0.657436092887669,1.17057918504018,2000,0.657436092887669,1.17057918504018,3.33066907387547e-16
"symsim",262,"pca_shiftedlog","ok",0.283777042055326,1.6925991349929,2000,0.283777042055326,1.6925991349929,-4.44089209850063e-16
"symsim",263,"pca_libnorm","ok",0.633387403672334,1.21097084412081,2000,0.633387403672335,1.21097084412081,-6.66133814775094e-16
"symsim",263,"pca_log","ok",0.186697669883957,1.80366552344501,2000,0.186697669883957,1.80366552344501,-1.11022302462516e-16
"symsim",263,"pca_raw","ok",0.647321058388037,1.1877355625087,2000,0.647321058388037,1.1877355625087,3.33066907387547e-16
"symsim",263,"pca_shiftedlog","ok",0.38594404768098,1.56723444617456,2000,0.38594404768098,1.56723444617456,1.11022302462516e-16
"symsim",264,"pca_libnorm","ok",0.515557536431288,1.39203802184956,2000,0.515557536431288,1.39203802184956,4.44089209850063e-16
"symsim",264,"pca_log","ok",0.233217030788453,1.75132289337123,2000,0.233217030788453,1.75132289337123,-3.88578058618805e-16
"symsim",264,"pca_raw","ok",0.563162297131841,1.32187397715237,2000,0.563162297131841,1.32187397715237,3.33066907387547e-16
"symsim",264,"pca_shiftedlog","ok",0.391958251526111,1.55954063553841,2000,0.391958251526111,1.55954063553841,-4.44089209850063e-16
"symsim",265,"pca_libnorm","ok",0.435396278958032,1.50280234367926,2000,0.435396278958032,1.50280234367926,-4.44089209850063e-16
"symsim",265,"pca_log","ok",0.276787425612847,1.70083811620877,2000,0.276787425612846,1.70083811620877,4.9960036108132e-16
"symsim",265,"pca_raw","ok",0.561368054401212,1.32458589090899,2000,0.561368054401212,1.32458589090899,2.22044604925031e-16
"symsim",265,"pca_shiftedlog","ok",0.380479859948271,1.57419203409461,2000,0.380479859948271,1.57419203409461,3.88578058618805e-16
"symsim",266,"pca_libnorm","ok",0.948842927769059,0.45235858444796,2000,0.948842927769059,0.452358584447962,4.44089209850063e-16
"symsim",266,"pca_log","ok",0.0845019354621313,1.91363326114266,2000,0.0845019354621312,1.91363326114266,1.52655665885959e-16
"symsim",266,"pca_raw","ok",0.919175437326829,0.568593220758639,2000,0.919175437326829,0.568593220758639,3.33066907387547e-16
"symsim",266,"pca_shiftedlog","ok",0.147866474623018,1.84622157432631,2000,0.147866474623019,1.84622157432631,-5.55111512312578e-16
"symsim",267,"pca_libnorm","ok",0.9059655570998,0.613300718734946,2000,0.905965557099799,0.613300718734948,6.66133814775094e-16
"symsim",267,"pca_log","ok",0.0868083780085354,1.91122120330585,2000,0.0868083780085354,1.91122120330585,2.77555756156289e-17
"symsim",267,"pca_raw","ok",0.729769938745958,1.0396731433562,2000,0.729769938745958,1.0396731433562,2.22044604925031e-16
"symsim",267,"pca_shiftedlog","ok",0.292445882356721,1.68232472209533,2000,0.29244588235672,1.68232472209533,9.99200722162641e-16
"symsim",268,"pca_libnorm","ok",0.851018162475843,0.771963308776155,2000,0.851018162475842,0.771963308776156,5.55111512312578e-16
"symsim",268,"pca_log","ok",0.129208187992172,1.86632452912973,2000,0.129208187992172,1.86632452912973,4.44089209850063e-16
"symsim",268,"pca_raw","ok",0.69510351166181,1.10434865570288,2000,0.69510351166181,1.10434865570288,3.33066907387547e-16
"symsim",268,"pca_shiftedlog","ok",0.50469432388308,1.40755913000758,2000,0.504694323883079,1.40755913000758,5.55111512312578e-16
"symsim",269,"pca_libnorm","ok",0.686806260837735,1.11927429911039,2000,0.686806260837735,1.11927429911039,3.33066907387547e-16
"symsim",269,"pca_log","ok",0.302800437136351,1.66996953608579,2000,0.302800437136351,1.66996953608579,-1.66533453693773e-16
"symsim",269,"pca_raw","ok",0.68477457082129,1.12289880074512,2000,0.68477457082129,1.12289880074512,4.44089209850063e-16
"symsim",269,"pca_shiftedlog","ok",0.541611557451374,1.35408780003163,2000,0.541611557451373,1.35408780003163,7.7715611723761e-16
"symsim",270,"pca_libnorm","ok",0.64883726544429,1.18517970714269,2000,0.64883726544429,1.18517970714269,-2.22044604925031e-16
"symsim",270,"pca_log","ok",0.379729176501807,1.57514548343725,2000,0.379729176501807,1.57514548343725,-3.33066907387547e-16
"symsim",270,"pca_raw","ok",0.668068755116994,1.15226949084493,2000,0.668068755116994,1.15226949084493,-2.22044604925031e-16
"symsim",270,"pca_shiftedlog","ok",0.56106981207034,1.32503613223136,2000,0.56106981207034,1.32503613223136,-1.11022302462516e-16
